<?xml version="1.0" encoding="UTF-8" standalone="no"?><root><attribute Name="ANGLE" Description=" "><value Kind="Property"><data Type="Scalar" Storage="String"/><flags><s>Package</s></flags></value><objects><valid><o>System</o><o>Design</o><o>PartDefn</o><o>Part</o><o>GateDefn</o><o>Gate</o><o>DesignInstance</o></valid><noInherit><pair Kind1="Gate" Kind2="Pin"/></noInherit></objects></attribute><attribute Name="EMI_GROUND_TAB" Description=" "><value Kind="Property"><data Type="Scalar" Storage="String"/><flags><s>Package</s></flags></value><objects><valid><o>System</o><o>Design</o><o>PartDefn</o><o>Part</o><o>GateDefn</o><o>Gate</o><o>DesignInstance</o></valid><noInherit><pair Kind1="Gate" Kind2="Pin"/></noInherit></objects></attribute><attribute Name="GENDER" Description=" "><value Kind="Property"><data Type="Scalar" Storage="String"/><flags><s>Package</s></flags></value><objects><valid><o>System</o><o>Design</o><o>PartDefn</o><o>Part</o><o>GateDefn</o><o>Gate</o><o>DesignInstance</o></valid><noInherit><pair Kind1="Gate" Kind2="Pin"/></noInherit></objects></attribute><attribute Name="LATCHING" Description=" "><value Kind="Property"><data Type="Scalar" Storage="String"/><flags><s>Package</s></flags></value><objects><valid><o>System</o><o>Design</o><o>PartDefn</o><o>Part</o><o>GateDefn</o><o>Gate</o><o>DesignInstance</o></valid><noInherit><pair Kind1="Gate" Kind2="Pin"/></noInherit></objects></attribute><attribute Name="MAX_CURRENT" Description=" "><value Kind="Property"><data Type="Scalar" Storage="String"/><flags><s>Package</s></flags></value><objects><valid><o>System</o><o>Design</o><o>PartDefn</o><o>Part</o><o>GateDefn</o><o>Gate</o><o>DesignInstance</o></valid><noInherit><pair Kind1="Gate" Kind2="Pin"/></noInherit></objects></attribute><attribute Name="MAX_VOLTAGE" Description=" "><value Kind="Property"><data Type="Scalar" Storage="String"/><flags><s>Package</s></flags></value><objects><valid><o>System</o><o>Design</o><o>PartDefn</o><o>Part</o><o>GateDefn</o><o>Gate</o><o>DesignInstance</o></valid><noInherit><pair Kind1="Gate" Kind2="Pin"/></noInherit></objects></attribute><attribute Name="NAME" Description=" "><value Kind="Property"><data Type="Scalar" Storage="String"/><flags><s>Package</s></flags></value><objects><valid><o>System</o><o>Design</o><o>PartDefn</o><o>Part</o><o>GateDefn</o><o>Gate</o><o>DesignInstance</o></valid><noInherit><pair Kind1="Gate" Kind2="Pin"/></noInherit></objects></attribute><attribute Name="NV_PN" Description=" "><value Kind="Property"><data Type="Scalar" Storage="String"/><flags><s>Package</s></flags></value><objects><valid><o>System</o><o>Design</o><o>PartDefn</o><o>Part</o><o>GateDefn</o><o>Gate</o><o>DesignInstance</o></valid><noInherit><pair Kind1="Gate" Kind2="Pin"/></noInherit></objects></attribute><attribute Name="PITCH" Description=" "><value Kind="Property"><data Type="Scalar" Storage="String"/><flags><s>Package</s></flags></value><objects><valid><o>System</o><o>Design</o><o>PartDefn</o><o>Part</o><o>GateDefn</o><o>Gate</o><o>DesignInstance</o></valid><noInherit><pair Kind1="Gate" Kind2="Pin"/></noInherit></objects></attribute><attribute Name="REFLOW" Description=" "><value Kind="Property"><data Type="Scalar" Storage="String"/><flags><s>Package</s></flags></value><objects><valid><o>System</o><o>Design</o><o>PartDefn</o><o>Part</o><o>GateDefn</o><o>Gate</o><o>DesignInstance</o></valid><noInherit><pair Kind1="Gate" Kind2="Pin"/></noInherit></objects></attribute><attribute Name="SHIELDED" Description=" "><value Kind="Property"><data Type="Scalar" Storage="String"/><flags><s>Package</s></flags></value><objects><valid><o>System</o><o>Design</o><o>PartDefn</o><o>Part</o><o>GateDefn</o><o>Gate</o><o>DesignInstance</o></valid><noInherit><pair Kind1="Gate" Kind2="Pin"/></noInherit></objects></attribute><attribute Name="SHROUDED" Description=" "><value Kind="Property"><data Type="Scalar" Storage="String"/><flags><s>Package</s></flags></value><objects><valid><o>System</o><o>Design</o><o>PartDefn</o><o>Part</o><o>GateDefn</o><o>Gate</o><o>DesignInstance</o></valid><noInherit><pair Kind1="Gate" Kind2="Pin"/></noInherit></objects></attribute><attribute Name="SKU" Description=" "><value Kind="Property"><data Type="Scalar" Storage="String"/><flags><s>Package</s></flags></value><objects><valid><o>System</o><o>Design</o><o>PartDefn</o><o>Part</o><o>GateDefn</o><o>Gate</o><o>DesignInstance</o></valid><noInherit><pair Kind1="Gate" Kind2="Pin"/></noInherit></objects></attribute><attribute Name="CDS_LMAN_SYM_OUTLINE" Description=" "><value Kind="Property"><data Type="Scalar" Storage="String"/><flags><s>Package</s></flags></value><objects><valid><o>System</o><o>Design</o><o>PartDefn</o><o>Part</o><o>GateDefn</o><o>Gate</o><o>DesignInstance</o></valid><noInherit><pair Kind1="Gate" Kind2="Pin"/></noInherit></objects></attribute><attribute Name="CONTINUOUS_CURRENT" Description=" "><value Kind="Property"><data Type="Scalar" Storage="String"/><flags><s>Package</s></flags></value><objects><valid><o>System</o><o>Design</o><o>PartDefn</o><o>Part</o><o>GateDefn</o><o>Gate</o><o>DesignInstance</o></valid><noInherit><pair Kind1="Gate" Kind2="Pin"/></noInherit></objects></attribute><attribute Name="MAX_WATTAGE" Description=" "><value Kind="Property"><data Type="Scalar" Storage="String"/><flags><s>Package</s></flags></value><objects><valid><o>System</o><o>Design</o><o>PartDefn</o><o>Part</o><o>GateDefn</o><o>Gate</o><o>DesignInstance</o></valid><noInherit><pair Kind1="Gate" Kind2="Pin"/></noInherit></objects></attribute><attribute Name="Q_G" Description=" "><value Kind="Property"><data Type="Scalar" Storage="String"/><flags><s>Package</s></flags></value><objects><valid><o>System</o><o>Design</o><o>PartDefn</o><o>Part</o><o>GateDefn</o><o>Gate</o><o>DesignInstance</o></valid><noInherit><pair Kind1="Gate" Kind2="Pin"/></noInherit></objects></attribute><attribute Name="R_DS_ON" Description=" "><value Kind="Property"><data Type="Scalar" Storage="String"/><flags><s>Package</s></flags></value><objects><valid><o>System</o><o>Design</o><o>PartDefn</o><o>Part</o><o>GateDefn</o><o>Gate</o><o>DesignInstance</o></valid><noInherit><pair Kind1="Gate" Kind2="Pin"/></noInherit></objects></attribute><attribute Name="SYM4PACK_TYPE" Description=" "><value Kind="Property"><data Type="Scalar" Storage="String"/><flags><s>Package</s></flags></value><objects><valid><o>System</o><o>Design</o><o>PartDefn</o><o>Part</o><o>GateDefn</o><o>Gate</o><o>DesignInstance</o></valid><noInherit><pair Kind1="Gate" Kind2="Pin"/></noInherit></objects></attribute><attribute Name="V_BE_GS" Description=" "><value Kind="Property"><data Type="Scalar" Storage="String"/><flags><s>Package</s></flags></value><objects><valid><o>System</o><o>Design</o><o>PartDefn</o><o>Part</o><o>GateDefn</o><o>Gate</o><o>DesignInstance</o></valid><noInherit><pair Kind1="Gate" Kind2="Pin"/></noInherit></objects></attribute><attribute Name="ASSEMBLY" Description=" "><value Kind="Property"><data Type="Scalar" Storage="String"/><flags><s>Package</s></flags></value><objects><valid><o>System</o><o>Design</o><o>PartDefn</o><o>Part</o><o>GateDefn</o><o>Gate</o><o>DesignInstance</o></valid><noInherit><pair Kind1="Gate" Kind2="Pin"/></noInherit></objects></attribute><attribute Name="DEVICE_TYPENAME" Description=" "><value Kind="Property"><data Type="Scalar" Storage="String"/><flags><s>Package</s></flags></value><objects><valid><o>System</o><o>Design</o><o>PartDefn</o><o>Part</o><o>GateDefn</o><o>Gate</o><o>DesignInstance</o></valid><noInherit><pair Kind1="Gate" Kind2="Pin"/></noInherit></objects></attribute><attribute Name="IMPLEMENTATION_TYPE" Description=" "><value Kind="Property"><data Type="Scalar" Storage="String"/><flags><s>Package</s></flags></value><objects><valid><o>System</o><o>Design</o><o>PartDefn</o><o>Part</o><o>GateDefn</o><o>Gate</o><o>DesignInstance</o></valid><noInherit><pair Kind1="Gate" Kind2="Pin"/></noInherit></objects></attribute><attribute Name="MAT" Description=" "><value Kind="Property"><data Type="Scalar" Storage="String"/><flags><s>Package</s></flags></value><objects><valid><o>System</o><o>Design</o><o>PartDefn</o><o>Part</o><o>GateDefn</o><o>Gate</o><o>DesignInstance</o></valid><noInherit><pair Kind1="Gate" Kind2="Pin"/></noInherit></objects></attribute><attribute Name="PSPICETEMPLATE" Description=" "><value Kind="Property"><data Type="Scalar" Storage="String"/><flags><s>Package</s></flags></value><objects><valid><o>System</o><o>Design</o><o>PartDefn</o><o>Part</o><o>GateDefn</o><o>Gate</o><o>DesignInstance</o></valid><noInherit><pair Kind1="Gate" Kind2="Pin"/></noInherit></objects></attribute><attribute Name="ESL" Description=" "><value Kind="Property"><data Type="Scalar" Storage="String"/><flags><s>Package</s></flags></value><objects><valid><o>System</o><o>Design</o><o>PartDefn</o><o>Part</o><o>GateDefn</o><o>Gate</o><o>DesignInstance</o></valid><noInherit><pair Kind1="Gate" Kind2="Pin"/></noInherit></objects></attribute><attribute Name="ESR" Description=" "><value Kind="Property"><data Type="Scalar" Storage="String"/><flags><s>Package</s></flags></value><objects><valid><o>System</o><o>Design</o><o>PartDefn</o><o>Part</o><o>GateDefn</o><o>Gate</o><o>DesignInstance</o></valid><noInherit><pair Kind1="Gate" Kind2="Pin"/></noInherit></objects></attribute><attribute Name="RIPPLE_CURRENT" Description=" "><value Kind="Property"><data Type="Scalar" Storage="String"/><flags><s>Package</s></flags></value><objects><valid><o>System</o><o>Design</o><o>PartDefn</o><o>Part</o><o>GateDefn</o><o>Gate</o><o>DesignInstance</o></valid><noInherit><pair Kind1="Gate" Kind2="Pin"/></noInherit></objects></attribute><attribute Name="DC_RESISTANCE" Description=" "><value Kind="Property"><data Type="Scalar" Storage="String"/><flags><s>Package</s></flags></value><objects><valid><o>System</o><o>Design</o><o>PartDefn</o><o>Part</o><o>GateDefn</o><o>Gate</o><o>DesignInstance</o></valid><noInherit><pair Kind1="Gate" Kind2="Pin"/></noInherit></objects></attribute><attribute Name="Q" Description=" "><value Kind="Property"><data Type="Scalar" Storage="String"/><flags><s>Package</s></flags></value><objects><valid><o>System</o><o>Design</o><o>PartDefn</o><o>Part</o><o>GateDefn</o><o>Gate</o><o>DesignInstance</o></valid><noInherit><pair Kind1="Gate" Kind2="Pin"/></noInherit></objects></attribute><attribute Name="SELF_RESONANCE_FREQ" Description=" "><value Kind="Property"><data Type="Scalar" Storage="String"/><flags><s>Package</s></flags></value><objects><valid><o>System</o><o>Design</o><o>PartDefn</o><o>Part</o><o>GateDefn</o><o>Gate</o><o>DesignInstance</o></valid><noInherit><pair Kind1="Gate" Kind2="Pin"/></noInherit></objects></attribute><attribute Name="MODE" Description=" "><value Kind="Property"><data Type="Scalar" Storage="String"/><flags><s>Package</s></flags></value><objects><valid><o>System</o><o>Design</o><o>PartDefn</o><o>Part</o><o>GateDefn</o><o>Gate</o><o>DesignInstance</o></valid><noInherit><pair Kind1="Gate" Kind2="Pin"/></noInherit></objects></attribute><attribute Name="OUTPUT_VOLTAGE" Description=" "><value Kind="Property"><data Type="Scalar" Storage="String"/><flags><s>Package</s></flags></value><objects><valid><o>System</o><o>Design</o><o>PartDefn</o><o>Part</o><o>GateDefn</o><o>Gate</o><o>DesignInstance</o></valid><noInherit><pair Kind1="Gate" Kind2="Pin"/></noInherit></objects></attribute><attribute Name="PHASES" Description=" "><value Kind="Property"><data Type="Scalar" Storage="String"/><flags><s>Package</s></flags></value><objects><valid><o>System</o><o>Design</o><o>PartDefn</o><o>Part</o><o>GateDefn</o><o>Gate</o><o>DesignInstance</o></valid><noInherit><pair Kind1="Gate" Kind2="Pin"/></noInherit></objects></attribute><attribute Name="PROGRAMMABLE" Description=" "><value Kind="Property"><data Type="Scalar" Storage="String"/><flags><s>Package</s></flags></value><objects><valid><o>System</o><o>Design</o><o>PartDefn</o><o>Part</o><o>GateDefn</o><o>Gate</o><o>DesignInstance</o></valid><noInherit><pair Kind1="Gate" Kind2="Pin"/></noInherit></objects></attribute><attribute Name="SWITCHING_FREQ" Description=" "><value Kind="Property"><data Type="Scalar" Storage="String"/><flags><s>Package</s></flags></value><objects><valid><o>System</o><o>Design</o><o>PartDefn</o><o>Part</o><o>GateDefn</o><o>Gate</o><o>DesignInstance</o></valid><noInherit><pair Kind1="Gate" Kind2="Pin"/></noInherit></objects></attribute><attribute Name="TYPE" Description=" "><value Kind="Property"><data Type="Scalar" Storage="String"/><flags><s>Package</s></flags></value><objects><valid><o>System</o><o>Design</o><o>PartDefn</o><o>Part</o><o>GateDefn</o><o>Gate</o><o>DesignInstance</o></valid><noInherit><pair Kind1="Gate" Kind2="Pin"/></noInherit></objects></attribute><attribute Name="FORWARD_VOLTAGE" Description=" "><value Kind="Property"><data Type="Scalar" Storage="String"/><flags><s>Package</s></flags></value><objects><valid><o>System</o><o>Design</o><o>PartDefn</o><o>Part</o><o>GateDefn</o><o>Gate</o><o>DesignInstance</o></valid><noInherit><pair Kind1="Gate" Kind2="Pin"/></noInherit></objects></attribute><attribute Name="LOAD_CAPACITANCE" Description=" "><value Kind="Property"><data Type="Scalar" Storage="String"/><flags><s>Package</s></flags></value><objects><valid><o>System</o><o>Design</o><o>PartDefn</o><o>Part</o><o>GateDefn</o><o>Gate</o><o>DesignInstance</o></valid><noInherit><pair Kind1="Gate" Kind2="Pin"/></noInherit></objects></attribute><attribute Name="TOL_AGE" Description=" "><value Kind="Property"><data Type="Scalar" Storage="String"/><flags><s>Package</s></flags></value><objects><valid><o>System</o><o>Design</o><o>PartDefn</o><o>Part</o><o>GateDefn</o><o>Gate</o><o>DesignInstance</o></valid><noInherit><pair Kind1="Gate" Kind2="Pin"/></noInherit></objects></attribute><attribute Name="TOL_TOTAL" Description=" "><value Kind="Property"><data Type="Scalar" Storage="String"/><flags><s>Package</s></flags></value><objects><valid><o>System</o><o>Design</o><o>PartDefn</o><o>Part</o><o>GateDefn</o><o>Gate</o><o>DesignInstance</o></valid><noInherit><pair Kind1="Gate" Kind2="Pin"/></noInherit></objects></attribute><attribute Name="BREAKDOWN_VOLTAGE_MIN_TYP" Description=" "><value Kind="Property"><data Type="Scalar" Storage="String"/><flags><s>Package</s></flags></value><objects><valid><o>System</o><o>Design</o><o>PartDefn</o><o>Part</o><o>GateDefn</o><o>Gate</o><o>DesignInstance</o></valid><noInherit><pair Kind1="Gate" Kind2="Pin"/></noInherit></objects></attribute><attribute Name="CAPACITANCE_MAX_TYP" Description=" "><value Kind="Property"><data Type="Scalar" Storage="String"/><flags><s>Package</s></flags></value><objects><valid><o>System</o><o>Design</o><o>PartDefn</o><o>Part</o><o>GateDefn</o><o>Gate</o><o>DesignInstance</o></valid><noInherit><pair Kind1="Gate" Kind2="Pin"/></noInherit></objects></attribute><attribute Name="CLAMPING_VOLTAGE" Description=" "><value Kind="Property"><data Type="Scalar" Storage="String"/><flags><s>Package</s></flags></value><objects><valid><o>System</o><o>Design</o><o>PartDefn</o><o>Part</o><o>GateDefn</o><o>Gate</o><o>DesignInstance</o></valid><noInherit><pair Kind1="Gate" Kind2="Pin"/></noInherit></objects></attribute><attribute Name="CONFIGURATION" Description=" "><value Kind="Property"><data Type="Scalar" Storage="String"/><flags><s>Package</s></flags></value><objects><valid><o>System</o><o>Design</o><o>PartDefn</o><o>Part</o><o>GateDefn</o><o>Gate</o><o>DesignInstance</o></valid><noInherit><pair Kind1="Gate" Kind2="Pin"/></noInherit></objects></attribute><attribute Name="MAX_REVERSE_LEAKAGE_CURRENT" Description=" "><value Kind="Property"><data Type="Scalar" Storage="String"/><flags><s>Package</s></flags></value><objects><valid><o>System</o><o>Design</o><o>PartDefn</o><o>Part</o><o>GateDefn</o><o>Gate</o><o>DesignInstance</o></valid><noInherit><pair Kind1="Gate" Kind2="Pin"/></noInherit></objects></attribute><attribute Name="MAX_REVERSE_VOLTAGE" Description=" "><value Kind="Property"><data Type="Scalar" Storage="String"/><flags><s>Package</s></flags></value><objects><valid><o>System</o><o>Design</o><o>PartDefn</o><o>Part</o><o>GateDefn</o><o>Gate</o><o>DesignInstance</o></valid><noInherit><pair Kind1="Gate" Kind2="Pin"/></noInherit></objects></attribute><attribute Name="POLARITY" Description=" "><value Kind="Property"><data Type="Scalar" Storage="String"/><flags><s>Package</s></flags></value><objects><valid><o>System</o><o>Design</o><o>PartDefn</o><o>Part</o><o>GateDefn</o><o>Gate</o><o>DesignInstance</o></valid><noInherit><pair Kind1="Gate" Kind2="Pin"/></noInherit></objects></attribute><attribute Name="FUNCTION" Description=" "><value Kind="Property"><data Type="Scalar" Storage="String"/><flags><s>Package</s></flags></value><objects><valid><o>System</o><o>Design</o><o>PartDefn</o><o>Part</o><o>GateDefn</o><o>Gate</o><o>DesignInstance</o></valid><noInherit><pair Kind1="Gate" Kind2="Pin"/></noInherit></objects></attribute><attribute Name="PLACEMENT_NOTE" Description=" "><value Kind="Property"><data Type="Scalar" Storage="String"/><flags><s>Package</s></flags></value><objects><valid><o>System</o><o>Design</o><o>PartDefn</o><o>Part</o><o>GateDefn</o><o>Gate</o><o>DesignInstance</o></valid><noInherit><pair Kind1="Gate" Kind2="Pin"/></noInherit></objects></attribute><attribute Name="V_CE_SAT" Description=" "><value Kind="Property"><data Type="Scalar" Storage="String"/><flags><s>Package</s></flags></value><objects><valid><o>System</o><o>Design</o><o>PartDefn</o><o>Part</o><o>GateDefn</o><o>Gate</o><o>DesignInstance</o></valid><noInherit><pair Kind1="Gate" Kind2="Pin"/></noInherit></objects></attribute><attribute Name="NO_XNET" Description=" "><value Kind="Property"><data Type="Scalar" Storage="String"/><flags><s>Package</s></flags></value><objects><valid><o>System</o><o>Design</o><o>PartDefn</o><o>Part</o><o>GateDefn</o><o>Gate</o><o>DesignInstance</o></valid><noInherit><pair Kind1="Gate" Kind2="Pin"/></noInherit></objects></attribute><attribute Name="POW" Description=" "><value Kind="Property"><data Type="Scalar" Storage="String"/><flags><s>Package</s></flags></value><objects><valid><o>System</o><o>Design</o><o>PartDefn</o><o>Part</o><o>GateDefn</o><o>Gate</o><o>DesignInstance</o></valid><noInherit><pair Kind1="Gate" Kind2="Pin"/></noInherit></objects></attribute><attribute Name="SPEED_GRADE" Description=" "><value Kind="Property"><data Type="Scalar" Storage="String"/><flags><s>Package</s></flags></value><objects><valid><o>System</o><o>Design</o><o>PartDefn</o><o>Part</o><o>GateDefn</o><o>Gate</o><o>DesignInstance</o></valid><noInherit><pair Kind1="Gate" Kind2="Pin"/></noInherit></objects></attribute><attribute Name="OVERTONE" Description=" "><value Kind="Property"><data Type="Scalar" Storage="String"/><flags><s>Package</s></flags></value><objects><valid><o>System</o><o>Design</o><o>PartDefn</o><o>Part</o><o>GateDefn</o><o>Gate</o><o>DesignInstance</o></valid><noInherit><pair Kind1="Gate" Kind2="Pin"/></noInherit></objects></attribute><attribute Name="COLOR" Description=" "><value Kind="Property"><data Type="Scalar" Storage="String"/><flags><s>Package</s></flags></value><objects><valid><o>System</o><o>Design</o><o>PartDefn</o><o>Part</o><o>GateDefn</o><o>Gate</o><o>DesignInstance</o></valid><noInherit><pair Kind1="Gate" Kind2="Pin"/></noInherit></objects></attribute><attribute Name="NV_NETCLASS" Description=" "><value Kind="Property"><data Type="Scalar" Storage="String"/><flags><s>Package</s></flags></value><objects><valid><o>Xnet</o><o>Net</o><o>ElectricalCSet</o><o>DiffPair</o><o>Bus</o><o>PinPair</o></valid></objects></attribute><attribute Name="SEC_TYPE" Description=" "><value Kind="Property"><data Type="Scalar" Storage="String"/><flags><s>Package</s></flags></value><objects><valid><o>System</o><o>Design</o><o>PartDefn</o><o>Part</o><o>GateDefn</o><o>Gate</o><o>DesignInstance</o></valid><noInherit><pair Kind1="Gate" Kind2="Pin"/></noInherit></objects></attribute><attribute Name="NV_NET_MAX_CURRENT" Description=" "><value Kind="Property"><data Type="Scalar" Storage="String"/><flags><s>Package</s></flags></value><objects><valid><o>Xnet</o><o>Net</o><o>ElectricalCSet</o><o>DiffPair</o><o>Bus</o><o>PinPair</o></valid></objects></attribute><attribute Name="NV_DRIVE_CHECK_IGNORE" Description="When this property is set to true, the conceptchecker check check net driver will not be applied to the net, used by the CC2 check 'Check Net Driver'" DisplayName="DRIVE_CHECK_IGNORE" Version="16.600"><value Kind="Property"><data Type="Scalar" Storage="Bool"/><flags><s>Package</s><s>CMEditOnly</s><s>NoF2BFlow</s><s>NoB2FFlow</s></flags></value><objects><valid><o>Xnet</o><o>Net</o><o>NetClass</o><o>DiffPair</o><o>Bus</o><o>NetGroup</o></valid></objects><analysis MeasureName=""/></attribute><attribute Name="NV_NET_CONVENTION_IGNORE" Description="This property when set to true will have the effect of net convention check not applied for the net, use by the CC2 check 'Check Net Convention'" DisplayName="NET_CONVENTION_IGNORE" Version="16.600"><value Kind="Property"><data Type="Scalar" Storage="Bool"/><flags><s>Package</s><s>CMEditOnly</s><s>NoF2BFlow</s><s>NoB2FFlow</s></flags></value><objects><valid><o>Xnet</o><o>Net</o><o>NetClass</o><o>DiffPair</o><o>Bus</o><o>NetGroup</o></valid></objects><analysis MeasureName=""/></attribute><attribute Name="NV_TEMP_LIMIT_MAX" Description="This value when set will be used to check against the maximum allowed temperature for a component, used by the CC2 check 'Check temperature range'" DisplayName="NV_TEMP_LIMIT_MAX" Version="16.600"><value Kind="Property"><data Type="Scalar" Storage="Double"/><flags><s>Package</s><s>CMEditOnly</s><s>NoF2BFlow</s><s>NoB2FFlow</s></flags></value><objects><valid><o>Design</o></valid></objects><analysis MeasureName=""/></attribute><attribute Name="NV_NC_PIN_IGNORE" Description="When this property is set to true, the conceptchecker check check NC pin will not be applied to the pin, used by the CC2 check 'Check NC pin'" DisplayName="NC_PIN_IGNORE" Version="16.600"><value Kind="Property"><data Type="Scalar" Storage="Bool"/><flags><s>Package</s><s>CMEditOnly</s><s>NoF2BFlow</s><s>NoB2FFlow</s></flags></value><objects><valid><o>Pin</o><o>PinPair</o></valid></objects><analysis MeasureName=""/></attribute><attribute Name="NV_SNN_IGNORE" Description="When this property is set to true, the conceptchecker check for single node net will not be applied to the net, used by the CC2 check 'Check Single Node Net'" DisplayName="SNN_IGNORE" Version="16.600"><value Kind="Property"><data Type="Scalar" Storage="Bool"/><flags><s>Package</s><s>CMEditOnly</s><s>NoF2BFlow</s><s>NoB2FFlow</s></flags></value><objects><valid><o>Xnet</o><o>Net</o><o>NetClass</o><o>DiffPair</o><o>Bus</o><o>NetGroup</o></valid></objects><analysis MeasureName=""/></attribute><attribute Name="NV_NET_LOAD_THRESHOLD" Description="This value is supplied to over ride the default value of the load threshold for a net, when the load check is run, used by the CC2 check 'Check Load'" DisplayName="NET_LOAD_THRESHOLD" Version="16.600"><value Kind="Property"><data Type="Scalar" Storage="Integer"/><flags><s>Package</s><s>CMEditOnly</s><s>NoF2BFlow</s><s>NoB2FFlow</s></flags></value><objects><valid><o>Xnet</o><o>Net</o><o>NetClass</o><o>DiffPair</o><o>Bus</o><o>NetGroup</o></valid></objects><analysis MeasureName=""/></attribute><attribute Name="NV_RATING_THRESHOLD" Description="This value is supplied to over ride the default value of the rating threshold for a component" DisplayName="RATING_THRESHOLD" Version="16.600"><value Kind="Property"><data Type="Scalar" Storage="Integer"/><flags><s>Package</s><s>NoF2BFlow</s><s>NoB2FFlow</s></flags></value><objects><valid><o>PartDefn</o><o>Part</o><o>GateDefn</o><o>Gate</o></valid></objects><analysis MeasureName=""/></attribute><attribute Name="NV_TRAPEZOID" Description=" " Version="16.600"><value Kind="Property"><data Type="Scalar" Storage="String"/><flags><s>Package</s><s>CMEditOnly</s><s>NoF2BFlow</s><s>NoB2FFlow</s></flags></value><objects><valid><o>Design</o><o>Layer</o><o>LayerSet</o></valid></objects><analysis MeasureName=""/></attribute><attribute Name="NV_BUSINESS_CLASS" Description=" " Version="16.600"><value Kind="Property"><data Type="Scalar" Storage="String"/><flags><s>Package</s><s>CMEditOnly</s><s>UserDefined</s><s>NoF2BFlow</s><s>NoB2FFlow</s></flags></value><objects><valid><o>Design</o></valid></objects><analysis MeasureName=""/></attribute><attribute Name="NV_COMP_SCALE" Description=" " Version="16.600"><value Kind="Property"><data Type="Scalar" Storage="String"/><flags><s>Package</s><s>CMEditOnly</s><s>UserDefined</s><s>NoF2BFlow</s><s>NoB2FFlow</s></flags></value><objects><valid><o>Design</o></valid></objects><analysis MeasureName=""/></attribute><attribute Name="NV_ERULES_PROJMAIN_ID" Description=" " Version="16.600"><value Kind="Property"><data Type="Scalar" Storage="String"/><flags><s>Package</s><s>CMEditOnly</s><s>UserDefined</s><s>NoF2BFlow</s><s>NoB2FFlow</s></flags></value><objects><valid><o>Design</o></valid></objects><analysis MeasureName=""/></attribute><attribute Name="NV_HDI_TECHNOLOGY" Description=" " Version="16.600"><value Kind="Property"><data Type="Scalar" Storage="String"/><flags><s>Package</s><s>CMEditOnly</s><s>UserDefined</s><s>NoF2BFlow</s><s>NoB2FFlow</s></flags></value><objects><valid><o>Design</o></valid></objects><analysis MeasureName=""/></attribute><attribute Name="NV_HF" Description=" " Version="16.600"><value Kind="Property"><data Type="Scalar" Storage="String"/><flags><s>Package</s><s>CMEditOnly</s><s>UserDefined</s><s>NoF2BFlow</s><s>NoB2FFlow</s></flags></value><objects><valid><o>Design</o></valid></objects><analysis MeasureName=""/></attribute><attribute Name="NV_PACHINKOSILK" Description=" " Version="16.600"><value Kind="Property"><data Type="Scalar" Storage="String"/><flags><s>Package</s><s>CMEditOnly</s><s>UserDefined</s><s>NoF2BFlow</s><s>NoB2FFlow</s></flags></value><objects><valid><o>Design</o></valid></objects><analysis MeasureName=""/></attribute><attribute Name="NV_PROJMAIN_ID" Description=" " Version="16.600"><value Kind="Property"><data Type="Scalar" Storage="String"/><flags><s>Package</s><s>CMEditOnly</s><s>UserDefined</s><s>NoF2BFlow</s><s>NoB2FFlow</s></flags></value><objects><valid><o>Design</o></valid></objects><analysis MeasureName=""/></attribute><attribute Name="NV_PROJNAME" Description=" " Version="16.600"><value Kind="Property"><data Type="Scalar" Storage="String"/><flags><s>Package</s><s>CMEditOnly</s><s>UserDefined</s><s>NoF2BFlow</s><s>NoB2FFlow</s></flags></value><objects><valid><o>Design</o></valid></objects><analysis MeasureName=""/></attribute><attribute Name="NV_PROJREV" Description=" " Version="16.600"><value Kind="Property"><data Type="Scalar" Storage="String"/><flags><s>Package</s><s>CMEditOnly</s><s>UserDefined</s><s>NoF2BFlow</s><s>NoB2FFlow</s></flags></value><objects><valid><o>Design</o></valid></objects><analysis MeasureName=""/></attribute><attribute Name="NV_REQUIRED_MECHSYMBOLS" Description=" " Version="16.600"><value Kind="Property"><data Type="Scalar" Storage="String"/><flags><s>Package</s><s>CMEditOnly</s><s>UserDefined</s><s>NoF2BFlow</s><s>NoB2FFlow</s></flags></value><objects><valid><o>Design</o></valid></objects><analysis MeasureName=""/></attribute><attribute Name="NV_STACKUP_NAME" Description=" " Version="16.600"><value Kind="Property"><data Type="Scalar" Storage="String"/><flags><s>Package</s><s>CMEditOnly</s><s>UserDefined</s><s>NoF2BFlow</s><s>NoB2FFlow</s></flags></value><objects><valid><o>Design</o></valid></objects><analysis MeasureName=""/></attribute><attribute Name="NV_UNITY_FORM_FACTOR" Description=" " Version="16.600"><value Kind="Property"><data Type="Scalar" Storage="String"/><flags><s>Package</s><s>CMEditOnly</s><s>UserDefined</s><s>NoF2BFlow</s><s>NoB2FFlow</s></flags></value><objects><valid><o>Design</o></valid></objects><analysis MeasureName=""/></attribute><attribute Name="NV_UNITY_PROPS" Description=" " Version="16.600"><value Kind="Property"><data Type="Scalar" Storage="String"/><flags><s>Package</s><s>CMEditOnly</s><s>UserDefined</s><s>NoF2BFlow</s><s>NoB2FFlow</s></flags></value><objects><valid><o>Design</o></valid></objects><analysis MeasureName=""/></attribute><attribute Name="NV_UNITY_TECHNOLOGY" Description=" " Version="16.600"><value Kind="Property"><data Type="Scalar" Storage="String"/><flags><s>Package</s><s>CMEditOnly</s><s>UserDefined</s><s>NoF2BFlow</s><s>NoB2FFlow</s></flags></value><objects><valid><o>Design</o></valid></objects><analysis MeasureName=""/></attribute><attribute Name="NV_SOURCE_POWER_NET" Description=" "><value Kind="Property"><data Type="Scalar" Storage="String"/><flags><s>Package</s></flags></value><objects><valid><o>Xnet</o><o>Net</o><o>ElectricalCSet</o><o>DiffPair</o><o>Bus</o><o>PinPair</o></valid></objects></attribute><attribute Name="USED4PACK_TYPE" Description=" "><value Kind="Property"><data Type="Scalar" Storage="String"/><flags><s>Package</s></flags></value><objects><valid><o>System</o><o>Design</o><o>PartDefn</o><o>Part</o><o>GateDefn</o><o>Gate</o><o>DesignInstance</o></valid><noInherit><pair Kind1="GateDefn" Kind2="Pin"/><pair Kind1="Gate" Kind2="PinDefn"/><pair Kind1="Gate" Kind2="Pin"/></noInherit></objects></attribute><attribute Name="ACOUSTIC_MARGIN" Description=" "><value Kind="Property"><data Type="Scalar" Storage="String"/><flags><s>Package</s></flags></value><objects><valid><o>System</o><o>Design</o><o>PartDefn</o><o>Part</o><o>GateDefn</o><o>Gate</o><o>DesignInstance</o></valid><noInherit><pair Kind1="GateDefn" Kind2="Pin"/><pair Kind1="Gate" Kind2="PinDefn"/><pair Kind1="Gate" Kind2="Pin"/></noInherit></objects></attribute><attribute Name="WIDTH" Description=" "><value Kind="Property"><data Type="Scalar" Storage="String"/><flags><s>Package</s></flags></value><objects><valid><o>System</o><o>Design</o><o>PartDefn</o><o>Part</o><o>GateDefn</o><o>Gate</o><o>DesignInstance</o></valid><noInherit><pair Kind1="GateDefn" Kind2="Pin"/><pair Kind1="Gate" Kind2="PinDefn"/><pair Kind1="Gate" Kind2="Pin"/></noInherit></objects></attribute><attribute Name="TEMP_COEF" Description=" "><value Kind="Property"><data Type="Scalar" Storage="String"/><flags><s>Package</s></flags></value><objects><valid><o>System</o><o>Design</o><o>PartDefn</o><o>Part</o><o>GateDefn</o><o>Gate</o><o>DesignInstance</o></valid><noInherit><pair Kind1="GateDefn" Kind2="Pin"/><pair Kind1="Gate" Kind2="PinDefn"/><pair Kind1="Gate" Kind2="Pin"/></noInherit></objects></attribute><attribute Name="SPARE" Description=" "><value Kind="Property"><data Type="Scalar" Storage="String"/><flags><s>Package</s></flags></value><objects><valid><o>System</o><o>Design</o><o>PartDefn</o><o>Part</o><o>GateDefn</o><o>Gate</o><o>DesignInstance</o></valid><noInherit><pair Kind1="GateDefn" Kind2="Pin"/><pair Kind1="Gate" Kind2="PinDefn"/><pair Kind1="Gate" Kind2="Pin"/></noInherit></objects></attribute><attribute Name="DIFFERENTIAL_PAI" Description=" "><value Kind="Property"><data Type="Scalar" Storage="String"/><flags><s>Package</s></flags></value><objects><valid><o>Xnet</o><o>Net</o><o>ElectricalCSet</o><o>DiffPair</o><o>Bus</o><o>PinPair</o></valid></objects></attribute><attribute Name="MAX_FILENAME_VALUE" Description=" "><value Kind="Property"><data Type="Scalar" Storage="String"/><flags><s>Package</s></flags></value><objects><valid><o>Design</o></valid></objects></attribute><attribute Name="DIENOISEMARGINHIGH_VM" Description="Verification Mode"><value Kind="Property"><data Type="Scalar" Storage="String"/><flags><s>Control</s></flags></value><objects><valid><o>PinDefn</o><o>Pin</o><o>Xnet</o><o>Net</o><o>ElectricalCSet</o><o>NetClass</o><o>DiffPair</o><o>Bus</o><o>ResultPinPair</o><o>Result</o><o>NetInterface</o><o>NetGroup</o><o>SymbolDefn</o><o>Symbol</o></valid></objects><analysis><flags><s>CMAnalysisMode</s></flags></analysis></attribute><attribute Name="DIENOISEMARGINHIGH_VSTATUS" Description="Analysis Status"><value Kind="VStatus"><data Type="Scalar" Storage="String"/><flags><s>NoInherit</s></flags></value><objects><valid><o>Xnet</o><o>Net</o><o>NetClass</o><o>DiffPair</o><o>Bus</o><o>ResultPinPair</o><o>Result</o></valid></objects></attribute><attribute Name="DIENOISEMARGINHIGH_WAVEID" Description="Analysis Margin"><value Kind="Result"><data Type="Scalar" Storage="String"/></value><objects><valid><o>Xnet</o><o>Net</o><o>NetClass</o><o>DiffPair</o><o>Bus</o><o>ResultPinPair</o><o>Result</o></valid></objects></attribute><attribute Name="DIENOISEMARGINHIGH_WAVEFORMS" Description="Analysis Margin"><value Kind="Result"><data Type="Array" Storage="String"/></value><objects><valid><o>Xnet</o><o>Net</o><o>NetClass</o><o>DiffPair</o><o>Bus</o><o>ResultPinPair</o><o>Result</o></valid></objects></attribute><attribute Name="DIENOISEMARGINHIGH_ACTUAL" Description="Minimum voltage in High state at Die Pad - Vihmin"><value Kind="Actual"><data Type="Scalar" Storage="Double"/><flags><s>NoInherit</s></flags></value><objects><valid><o>Xnet</o><o>Net</o><o>NetClass</o><o>DiffPair</o><o>Bus</o><o>ResultPinPair</o><o>Result</o></valid></objects><analysis MeasureName="DIENOISEMARGINHIGH"><flags><s>SimVerify</s><s>CustomMeasure</s></flags></analysis><relatedProperties><r>DIENOISEMARGINHIGH_VSTATUS</r><r>DIENOISEMARGINHIGH_WAVEID</r><r>DIENOISEMARGINHIGH_WAVEFORMS</r></relatedProperties></attribute><attribute Name="DIENOISEMARGINLOW_VM" Description="Verification Mode"><value Kind="Property"><data Type="Scalar" Storage="String"/><flags><s>Control</s></flags></value><objects><valid><o>PinDefn</o><o>Pin</o><o>Xnet</o><o>Net</o><o>ElectricalCSet</o><o>NetClass</o><o>DiffPair</o><o>Bus</o><o>ResultPinPair</o><o>Result</o><o>NetInterface</o><o>NetGroup</o><o>SymbolDefn</o><o>Symbol</o></valid></objects><analysis><flags><s>CMAnalysisMode</s></flags></analysis></attribute><attribute Name="DIENOISEMARGINLOW_VSTATUS" Description="Analysis Status"><value Kind="VStatus"><data Type="Scalar" Storage="String"/><flags><s>NoInherit</s></flags></value><objects><valid><o>Xnet</o><o>Net</o><o>NetClass</o><o>DiffPair</o><o>Bus</o><o>ResultPinPair</o><o>Result</o></valid></objects></attribute><attribute Name="DIENOISEMARGINLOW_WAVEID" Description="Analysis Margin"><value Kind="Result"><data Type="Scalar" Storage="String"/></value><objects><valid><o>Xnet</o><o>Net</o><o>NetClass</o><o>DiffPair</o><o>Bus</o><o>ResultPinPair</o><o>Result</o></valid></objects></attribute><attribute Name="DIENOISEMARGINLOW_WAVEFORMS" Description="Analysis Margin"><value Kind="Result"><data Type="Array" Storage="String"/></value><objects><valid><o>Xnet</o><o>Net</o><o>NetClass</o><o>DiffPair</o><o>Bus</o><o>ResultPinPair</o><o>Result</o></valid></objects></attribute><attribute Name="DIENOISEMARGINLOW_ACTUAL" Description="Vilmax - Maximum voltage in Low state at Die Pad"><value Kind="Actual"><data Type="Scalar" Storage="Double"/><flags><s>NoInherit</s></flags></value><objects><valid><o>Xnet</o><o>Net</o><o>NetClass</o><o>DiffPair</o><o>Bus</o><o>ResultPinPair</o><o>Result</o></valid></objects><analysis MeasureName="DIENOISEMARGINLOW"><flags><s>SimVerify</s><s>CustomMeasure</s></flags></analysis><relatedProperties><r>DIENOISEMARGINLOW_VSTATUS</r><r>DIENOISEMARGINLOW_WAVEID</r><r>DIENOISEMARGINLOW_WAVEFORMS</r></relatedProperties></attribute><attribute Name="DIEOVERSHOOTHIGH_VM" Description="Verification Mode"><value Kind="Property"><data Type="Scalar" Storage="String"/><flags><s>Control</s></flags></value><objects><valid><o>PinDefn</o><o>Pin</o><o>Xnet</o><o>Net</o><o>ElectricalCSet</o><o>NetClass</o><o>DiffPair</o><o>Bus</o><o>ResultPinPair</o><o>Result</o><o>NetInterface</o><o>NetGroup</o><o>SymbolDefn</o><o>Symbol</o></valid></objects><analysis><flags><s>CMAnalysisMode</s></flags></analysis></attribute><attribute Name="DIEOVERSHOOTHIGH_VSTATUS" Description="Analysis Status"><value Kind="VStatus"><data Type="Scalar" Storage="String"/><flags><s>NoInherit</s></flags></value><objects><valid><o>Xnet</o><o>Net</o><o>NetClass</o><o>DiffPair</o><o>Bus</o><o>ResultPinPair</o><o>Result</o></valid></objects></attribute><attribute Name="DIEOVERSHOOTHIGH_WAVEID" Description="Analysis Margin"><value Kind="Result"><data Type="Scalar" Storage="String"/></value><objects><valid><o>Xnet</o><o>Net</o><o>NetClass</o><o>DiffPair</o><o>Bus</o><o>ResultPinPair</o><o>Result</o></valid></objects></attribute><attribute Name="DIEOVERSHOOTHIGH_WAVEFORMS" Description="Analysis Margin"><value Kind="Result"><data Type="Array" Storage="String"/></value><objects><valid><o>Xnet</o><o>Net</o><o>NetClass</o><o>DiffPair</o><o>Bus</o><o>ResultPinPair</o><o>Result</o></valid></objects></attribute><attribute Name="DIEOVERSHOOTHIGH_ACTUAL" Description="Maximum voltage in High state at DiePad"><value Kind="Actual"><data Type="Scalar" Storage="Double"/><flags><s>NoInherit</s></flags></value><objects><valid><o>Xnet</o><o>Net</o><o>NetClass</o><o>DiffPair</o><o>Bus</o><o>ResultPinPair</o><o>Result</o></valid></objects><analysis MeasureName="DIEOVERSHOOTHIGH"><flags><s>SimVerify</s><s>CustomMeasure</s></flags></analysis><relatedProperties><r>DIEOVERSHOOTHIGH_VSTATUS</r><r>DIEOVERSHOOTHIGH_WAVEID</r><r>DIEOVERSHOOTHIGH_WAVEFORMS</r></relatedProperties></attribute><attribute Name="DIEOVERSHOOTLOW_VM" Description="Verification Mode"><value Kind="Property"><data Type="Scalar" Storage="String"/><flags><s>Control</s></flags></value><objects><valid><o>PinDefn</o><o>Pin</o><o>Xnet</o><o>Net</o><o>ElectricalCSet</o><o>NetClass</o><o>DiffPair</o><o>Bus</o><o>ResultPinPair</o><o>Result</o><o>NetInterface</o><o>NetGroup</o><o>SymbolDefn</o><o>Symbol</o></valid></objects><analysis><flags><s>CMAnalysisMode</s></flags></analysis></attribute><attribute Name="DIEOVERSHOOTLOW_VSTATUS" Description="Analysis Status"><value Kind="VStatus"><data Type="Scalar" Storage="String"/><flags><s>NoInherit</s></flags></value><objects><valid><o>Xnet</o><o>Net</o><o>NetClass</o><o>DiffPair</o><o>Bus</o><o>ResultPinPair</o><o>Result</o></valid></objects></attribute><attribute Name="DIEOVERSHOOTLOW_WAVEID" Description="Analysis Margin"><value Kind="Result"><data Type="Scalar" Storage="String"/></value><objects><valid><o>Xnet</o><o>Net</o><o>NetClass</o><o>DiffPair</o><o>Bus</o><o>ResultPinPair</o><o>Result</o></valid></objects></attribute><attribute Name="DIEOVERSHOOTLOW_WAVEFORMS" Description="Analysis Margin"><value Kind="Result"><data Type="Array" Storage="String"/></value><objects><valid><o>Xnet</o><o>Net</o><o>NetClass</o><o>DiffPair</o><o>Bus</o><o>ResultPinPair</o><o>Result</o></valid></objects></attribute><attribute Name="DIEOVERSHOOTLOW_ACTUAL" Description="Minimum voltage in Low state at Die Pad"><value Kind="Actual"><data Type="Scalar" Storage="Double"/><flags><s>NoInherit</s></flags></value><objects><valid><o>Xnet</o><o>Net</o><o>NetClass</o><o>DiffPair</o><o>Bus</o><o>ResultPinPair</o><o>Result</o></valid></objects><analysis MeasureName="DIEOVERSHOOTLOW"><flags><s>SimVerify</s><s>CustomMeasure</s></flags></analysis><relatedProperties><r>DIEOVERSHOOTLOW_VSTATUS</r><r>DIEOVERSHOOTLOW_WAVEID</r><r>DIEOVERSHOOTLOW_WAVEFORMS</r></relatedProperties></attribute><attribute Name="DIESETTLETIMEFALL_VM" Description="Verification Mode"><value Kind="Property"><data Type="Scalar" Storage="String"/><flags><s>Control</s></flags></value><objects><valid><o>PinDefn</o><o>Pin</o><o>Xnet</o><o>Net</o><o>ElectricalCSet</o><o>NetClass</o><o>DiffPair</o><o>Bus</o><o>ResultPinPair</o><o>Result</o><o>NetInterface</o><o>NetGroup</o><o>SymbolDefn</o><o>Symbol</o></valid></objects><analysis><flags><s>CMAnalysisMode</s></flags></analysis></attribute><attribute Name="DIESETTLETIMEFALL_VSTATUS" Description="Analysis Status"><value Kind="VStatus"><data Type="Scalar" Storage="String"/><flags><s>NoInherit</s></flags></value><objects><valid><o>Xnet</o><o>Net</o><o>NetClass</o><o>DiffPair</o><o>Bus</o><o>ResultPinPair</o><o>Result</o></valid></objects></attribute><attribute Name="DIESETTLETIMEFALL_WAVEID" Description="Analysis Margin"><value Kind="Result"><data Type="Scalar" Storage="String"/></value><objects><valid><o>Xnet</o><o>Net</o><o>NetClass</o><o>DiffPair</o><o>Bus</o><o>ResultPinPair</o><o>Result</o></valid></objects></attribute><attribute Name="DIESETTLETIMEFALL_WAVEFORMS" Description="Analysis Margin"><value Kind="Result"><data Type="Array" Storage="String"/></value><objects><valid><o>Xnet</o><o>Net</o><o>NetClass</o><o>DiffPair</o><o>Bus</o><o>ResultPinPair</o><o>Result</o></valid></objects></attribute><attribute Name="DIESETTLETIMEFALL_ACTUAL" Description="Last time below Vilmax at Die Pad"><value Kind="Actual"><data Type="Scalar" Storage="Double"/><flags><s>NoInherit</s></flags></value><objects><valid><o>Xnet</o><o>Net</o><o>NetClass</o><o>DiffPair</o><o>Bus</o><o>ResultPinPair</o><o>Result</o></valid></objects><analysis MeasureName="DIESETTLETIMEFALL"><flags><s>SimVerify</s><s>CustomMeasure</s></flags></analysis><relatedProperties><r>DIESETTLETIMEFALL_VSTATUS</r><r>DIESETTLETIMEFALL_WAVEID</r><r>DIESETTLETIMEFALL_WAVEFORMS</r></relatedProperties></attribute><attribute Name="DIESETTLETIMERISE_VM" Description="Verification Mode"><value Kind="Property"><data Type="Scalar" Storage="String"/><flags><s>Control</s></flags></value><objects><valid><o>PinDefn</o><o>Pin</o><o>Xnet</o><o>Net</o><o>ElectricalCSet</o><o>NetClass</o><o>DiffPair</o><o>Bus</o><o>ResultPinPair</o><o>Result</o><o>NetInterface</o><o>NetGroup</o><o>SymbolDefn</o><o>Symbol</o></valid></objects><analysis><flags><s>CMAnalysisMode</s></flags></analysis></attribute><attribute Name="DIESETTLETIMERISE_VSTATUS" Description="Analysis Status"><value Kind="VStatus"><data Type="Scalar" Storage="String"/><flags><s>NoInherit</s></flags></value><objects><valid><o>Xnet</o><o>Net</o><o>NetClass</o><o>DiffPair</o><o>Bus</o><o>ResultPinPair</o><o>Result</o></valid></objects></attribute><attribute Name="DIESETTLETIMERISE_WAVEID" Description="Analysis Margin"><value Kind="Result"><data Type="Scalar" Storage="String"/></value><objects><valid><o>Xnet</o><o>Net</o><o>NetClass</o><o>DiffPair</o><o>Bus</o><o>ResultPinPair</o><o>Result</o></valid></objects></attribute><attribute Name="DIESETTLETIMERISE_WAVEFORMS" Description="Analysis Margin"><value Kind="Result"><data Type="Array" Storage="String"/></value><objects><valid><o>Xnet</o><o>Net</o><o>NetClass</o><o>DiffPair</o><o>Bus</o><o>ResultPinPair</o><o>Result</o></valid></objects></attribute><attribute Name="DIESETTLETIMERISE_ACTUAL" Description="Last time above Vihmin at Die Pad"><value Kind="Actual"><data Type="Scalar" Storage="Double"/><flags><s>NoInherit</s></flags></value><objects><valid><o>Xnet</o><o>Net</o><o>NetClass</o><o>DiffPair</o><o>Bus</o><o>ResultPinPair</o><o>Result</o></valid></objects><analysis MeasureName="DIESETTLETIMERISE"><flags><s>SimVerify</s><s>CustomMeasure</s></flags></analysis><relatedProperties><r>DIESETTLETIMERISE_VSTATUS</r><r>DIESETTLETIMERISE_WAVEID</r><r>DIESETTLETIMERISE_WAVEFORMS</r></relatedProperties></attribute><attribute Name="ECSET_MAPPING_TAG_UD" Description=" "><value Kind="Property"><data Type="Scalar" Storage="String"/><flags><s>Package</s></flags></value><objects><valid><o>Part</o><o>PinDefn</o><o>Pin</o><o>IODriver</o><o>SymbolDefn</o><o>Symbol</o></valid></objects></attribute><attribute Name="RELATIVE_PROPAGATION_OBJECT_LENGTH_VSTATUS" Description=""><value Kind="Property"><data Type="Scalar" Storage="String"/><flags><s>Package</s></flags></value><objects><valid><o>PinPair</o><o>MatchGroup</o></valid></objects></attribute><attribute Name="RELATIVE_PROPAGATION_OBJECT_DELAY_VSTATUS" Description=""><value Kind="Property"><data Type="Scalar" Storage="String"/><flags><s>Package</s></flags></value><objects><valid><o>PinPair</o><o>MatchGroup</o></valid></objects></attribute><attribute Name="NV_ALLOW_PTH_BOTH_SIDES" Description=" "><value Kind="Property"><data Type="Scalar" Storage="String"/><flags><s>Package</s></flags></value><objects><valid><o>Design</o></valid></objects></attribute><attribute Name="CS_ETYPE_MAP_Y" Description=" "><value Kind="Property"><data Type="Scalar" Storage="String"/><flags><s>Package</s></flags></value><objects><valid><o>Design</o></valid></objects></attribute><attribute Name="CS_ETYPE_MAP_X" Description=" "><value Kind="Property"><data Type="Scalar" Storage="String"/><flags><s>Package</s></flags></value><objects><valid><o>Design</o></valid></objects></attribute><attribute Name="CS_ETYPE_MAP_VR" Description=" "><value Kind="Property"><data Type="Scalar" Storage="String"/><flags><s>Package</s></flags></value><objects><valid><o>Design</o></valid></objects></attribute><attribute Name="CS_ETYPE_MAP_U" Description=" "><value Kind="Property"><data Type="Scalar" Storage="String"/><flags><s>Package</s></flags></value><objects><valid><o>Design</o></valid></objects></attribute><attribute Name="CS_ETYPE_MAP_TP" Description=" "><value Kind="Property"><data Type="Scalar" Storage="String"/><flags><s>Package</s></flags></value><objects><valid><o>Design</o></valid></objects></attribute><attribute Name="CS_ETYPE_MAP_TC" Description=" "><value Kind="Property"><data Type="Scalar" Storage="String"/><flags><s>Package</s></flags></value><objects><valid><o>Design</o></valid></objects></attribute><attribute Name="CS_ETYPE_MAP_TB" Description=" "><value Kind="Property"><data Type="Scalar" Storage="String"/><flags><s>Package</s></flags></value><objects><valid><o>Design</o></valid></objects></attribute><attribute Name="CS_ETYPE_MAP_T" Description=" "><value Kind="Property"><data Type="Scalar" Storage="String"/><flags><s>Package</s></flags></value><objects><valid><o>Design</o></valid></objects></attribute><attribute Name="CS_ETYPE_MAP_S" Description=" "><value Kind="Property"><data Type="Scalar" Storage="String"/><flags><s>Package</s></flags></value><objects><valid><o>Design</o></valid></objects></attribute><attribute Name="CS_ETYPE_MAP_RT" Description=" "><value Kind="Property"><data Type="Scalar" Storage="String"/><flags><s>Package</s></flags></value><objects><valid><o>Design</o></valid></objects></attribute><attribute Name="CS_ETYPE_MAP_RN" Description=" "><value Kind="Property"><data Type="Scalar" Storage="String"/><flags><s>Package</s></flags></value><objects><valid><o>Design</o></valid></objects></attribute><attribute Name="CS_ETYPE_MAP_RA" Description=" "><value Kind="Property"><data Type="Scalar" Storage="String"/><flags><s>Package</s></flags></value><objects><valid><o>Design</o></valid></objects></attribute><attribute Name="CS_ETYPE_MAP_R" Description=" "><value Kind="Property"><data Type="Scalar" Storage="String"/><flags><s>Package</s></flags></value><objects><valid><o>Design</o></valid></objects></attribute><attribute Name="CS_ETYPE_MAP_Q" Description=" "><value Kind="Property"><data Type="Scalar" Storage="String"/><flags><s>Package</s></flags></value><objects><valid><o>Design</o></valid></objects></attribute><attribute Name="CS_ETYPE_MAP_PS" Description=" "><value Kind="Property"><data Type="Scalar" Storage="String"/><flags><s>Package</s></flags></value><objects><valid><o>Design</o></valid></objects></attribute><attribute Name="CS_ETYPE_MAP_P" Description=" "><value Kind="Property"><data Type="Scalar" Storage="String"/><flags><s>Package</s></flags></value><objects><valid><o>Design</o></valid></objects></attribute><attribute Name="CS_ETYPE_MAP_MK" Description=" "><value Kind="Property"><data Type="Scalar" Storage="String"/><flags><s>Package</s></flags></value><objects><valid><o>Design</o></valid></objects></attribute><attribute Name="CS_ETYPE_MAP_LS" Description=" "><value Kind="Property"><data Type="Scalar" Storage="String"/><flags><s>Package</s></flags></value><objects><valid><o>Design</o></valid></objects></attribute><attribute Name="CS_ETYPE_MAP_L" Description=" "><value Kind="Property"><data Type="Scalar" Storage="String"/><flags><s>Package</s></flags></value><objects><valid><o>Design</o></valid></objects></attribute><attribute Name="CS_ETYPE_MAP_K" Description=" "><value Kind="Property"><data Type="Scalar" Storage="String"/><flags><s>Package</s></flags></value><objects><valid><o>Design</o></valid></objects></attribute><attribute Name="CS_ETYPE_MAP_J" Description=" "><value Kind="Property"><data Type="Scalar" Storage="String"/><flags><s>Package</s></flags></value><objects><valid><o>Design</o></valid></objects></attribute><attribute Name="CS_ETYPE_MAP_G" Description=" "><value Kind="Property"><data Type="Scalar" Storage="String"/><flags><s>Package</s></flags></value><objects><valid><o>Design</o></valid></objects></attribute><attribute Name="CS_ETYPE_MAP_FL" Description=" "><value Kind="Property"><data Type="Scalar" Storage="String"/><flags><s>Package</s></flags></value><objects><valid><o>Design</o></valid></objects></attribute><attribute Name="CS_ETYPE_MAP_FB" Description=" "><value Kind="Property"><data Type="Scalar" Storage="String"/><flags><s>Package</s></flags></value><objects><valid><o>Design</o></valid></objects></attribute><attribute Name="CS_ETYPE_MAP_F" Description=" "><value Kind="Property"><data Type="Scalar" Storage="String"/><flags><s>Package</s></flags></value><objects><valid><o>Design</o></valid></objects></attribute><attribute Name="CS_ETYPE_MAP_E" Description=" "><value Kind="Property"><data Type="Scalar" Storage="String"/><flags><s>Package</s></flags></value><objects><valid><o>Design</o></valid></objects></attribute><attribute Name="CS_ETYPE_MAP_DS" Description=" "><value Kind="Property"><data Type="Scalar" Storage="String"/><flags><s>Package</s></flags></value><objects><valid><o>Design</o></valid></objects></attribute><attribute Name="CS_ETYPE_MAP_D" Description=" "><value Kind="Property"><data Type="Scalar" Storage="String"/><flags><s>Package</s></flags></value><objects><valid><o>Design</o></valid></objects></attribute><attribute Name="CS_ETYPE_MAP_CR" Description=" "><value Kind="Property"><data Type="Scalar" Storage="String"/><flags><s>Package</s></flags></value><objects><valid><o>Design</o></valid></objects></attribute><attribute Name="CS_ETYPE_MAP_CP" Description=" "><value Kind="Property"><data Type="Scalar" Storage="String"/><flags><s>Package</s></flags></value><objects><valid><o>Design</o></valid></objects></attribute><attribute Name="CS_ETYPE_MAP_CN" Description=" "><value Kind="Property"><data Type="Scalar" Storage="String"/><flags><s>Package</s></flags></value><objects><valid><o>Design</o></valid></objects></attribute><attribute Name="CS_ETYPE_MAP_CA" Description=" "><value Kind="Property"><data Type="Scalar" Storage="String"/><flags><s>Package</s></flags></value><objects><valid><o>Design</o></valid></objects></attribute><attribute Name="CS_ETYPE_MAP_C" Description=" "><value Kind="Property"><data Type="Scalar" Storage="String"/><flags><s>Package</s></flags></value><objects><valid><o>Design</o></valid></objects></attribute><attribute Name="CS_ETYPE_MAP_BT" Description=" "><value Kind="Property"><data Type="Scalar" Storage="String"/><flags><s>Package</s></flags></value><objects><valid><o>Design</o></valid></objects></attribute><attribute Name="CS_ETYPE_MAP_AT" Description=" "><value Kind="Property"><data Type="Scalar" Storage="String"/><flags><s>Package</s></flags></value><objects><valid><o>Design</o></valid></objects></attribute><attribute Name="CS_ETYPE_MAP_AR" Description=" "><value Kind="Property"><data Type="Scalar" Storage="String"/><flags><s>Package</s></flags></value><objects><valid><o>Design</o></valid></objects></attribute><attribute Name="CS_ETYPE_MAP_MISC" Description=" "><value Kind="Property"><data Type="Scalar" Storage="String"/><flags><s>Package</s></flags></value><objects><valid><o>Design</o></valid></objects></attribute><attribute Name="CS_PATHKEY" Description=" "><value Kind="Property"><data Type="Scalar" Storage="String"/><flags><s>Package</s></flags></value><objects><valid><o>Design</o></valid></objects></attribute><attribute Name="CS_MODULEKEY" Description=" "><value Kind="Property"><data Type="Scalar" Storage="String"/><flags><s>Package</s></flags></value><objects><valid><o>Design</o></valid></objects></attribute><attribute Name="CS_DONOT_MOVE_PARTS_WRT_SHAPE" Description=" "><value Kind="Property"><data Type="Scalar" Storage="String"/><flags><s>Package</s></flags></value><objects><valid><o>Void</o><o>Shape</o></valid></objects></attribute><attribute Name="CS_DONOT_OVERLAP" Description=" "><value Kind="Property"><data Type="Scalar" Storage="String"/><flags><s>Package</s></flags></value><objects><valid><o>Void</o><o>Shape</o></valid></objects></attribute><attribute Name="CS_DONOT_MOVE_SHAPE" Description=" "><value Kind="Property"><data Type="Scalar" Storage="String"/><flags><s>Package</s></flags></value><objects><valid><o>Void</o><o>Shape</o></valid></objects></attribute><attribute Name="CS_DONOT_CHANGE_SHAPE" Description=" "><value Kind="Property"><data Type="Scalar" Storage="String"/><flags><s>Package</s></flags></value><objects><valid><o>Void</o><o>Shape</o></valid></objects></attribute><attribute Name="CS_DONOT_MOVE_PARTS_WRT_PARTS" Description=" "><value Kind="Property"><data Type="Scalar" Storage="String"/><flags><s>Package</s></flags></value><objects><valid><o>Void</o><o>Shape</o></valid></objects></attribute><attribute Name="CS_DONOT_REMOVE_PARTS" Description=" "><value Kind="Property"><data Type="Scalar" Storage="String"/><flags><s>Package</s></flags></value><objects><valid><o>Void</o><o>Shape</o></valid></objects></attribute><attribute Name="CS_DONOT_ADD_PARTS" Description=" "><value Kind="Property"><data Type="Scalar" Storage="String"/><flags><s>Package</s></flags></value><objects><valid><o>Void</o><o>Shape</o></valid></objects></attribute><attribute Name="CS_MEMBERID" Description=" "><value Kind="Property"><data Type="Scalar" Storage="String"/><flags><s>Package</s></flags></value><objects><valid><o>SymbolDefn</o><o>Symbol</o><o>Void</o><o>Shape</o></valid></objects></attribute><attribute Name="CS_PLACEMENT_TAG" Description=" "><value Kind="Property"><data Type="Scalar" Storage="String"/><flags><s>Package</s></flags></value><objects><valid><o>Void</o><o>Shape</o></valid></objects></attribute><attribute Name="CS_MEMBERSHIP_TAG" Description=" "><value Kind="Property"><data Type="Scalar" Storage="String"/><flags><s>Package</s></flags></value><objects><valid><o>Void</o><o>Shape</o></valid></objects></attribute><attribute Name="CS_TEMPLATENAME" Description=" "><value Kind="Property"><data Type="Scalar" Storage="String"/><flags><s>Package</s></flags></value><objects><valid><o>Void</o><o>Shape</o></valid></objects></attribute><attribute Name="CS_ADDENDUMTO" Description=" "><value Kind="Property"><data Type="Scalar" Storage="String"/><flags><s>Package</s></flags></value><objects><valid><o>Void</o><o>Shape</o></valid></objects></attribute><attribute Name="CS_PARENTCLUSTER" Description=" "><value Kind="Property"><data Type="Scalar" Storage="String"/><flags><s>Package</s></flags></value><objects><valid><o>Void</o><o>Shape</o></valid></objects></attribute><attribute Name="CS_CLUSTER_MASTER" Description=" "><value Kind="Property"><data Type="Scalar" Storage="String"/><flags><s>Package</s></flags></value><objects><valid><o>Void</o><o>Shape</o></valid></objects></attribute><attribute Name="CS_CLUSTERETCH" Description=" "><value Kind="Property"><data Type="Scalar" Storage="String"/><flags><s>Package</s></flags></value><objects><valid><o>Via</o><o>Void</o><o>CLine</o><o>Shape</o></valid></objects></attribute><attribute Name="CS_GENERICPARTID" Description=" "><value Kind="Property"><data Type="Scalar" Storage="String"/><flags><s>Package</s></flags></value><objects><valid><o>SymbolDefn</o><o>Symbol</o></valid></objects></attribute><attribute Name="CS_SYMBOLID" Description=" "><value Kind="Property"><data Type="Scalar" Storage="String"/><flags><s>Package</s></flags></value><objects><valid><o>SymbolDefn</o><o>Symbol</o></valid></objects></attribute><attribute Name="CS_CLUSTERNAME" Description=" "><value Kind="Property"><data Type="Scalar" Storage="String"/><flags><s>Package</s></flags></value><objects><valid><o>SymbolDefn</o><o>Symbol</o><o>Void</o><o>Shape</o></valid></objects></attribute><attribute Name="CS_SCHEMATIC_PATH" Description=" "><value Kind="Property"><data Type="Scalar" Storage="String"/><flags><s>Package</s></flags></value><objects><valid><o>Void</o><o>Shape</o></valid></objects></attribute><attribute Name="CS_PARAMSINITED" Description=" "><value Kind="Property"><data Type="Scalar" Storage="Bool"/><flags><s>Package</s></flags></value><objects><valid><o>Design</o></valid></objects></attribute><attribute Name="CS_CHANNEL_PREFIXES" Description=" "><value Kind="Property"><data Type="Scalar" Storage="String"/><flags><s>Package</s></flags></value><objects><valid><o>Design</o></valid></objects></attribute><attribute Name="CS_SCHEMATIC_LOCATION" Description=" "><value Kind="Property"><data Type="Scalar" Storage="String"/><flags><s>Package</s></flags></value><objects><valid><o>Design</o></valid></objects></attribute><attribute Name="CS_SCHEMATIC_TYPE" Description=" "><value Kind="Property"><data Type="Scalar" Storage="String"/><flags><s>Package</s></flags></value><objects><valid><o>Design</o></valid></objects></attribute><attribute Name="CS_SCHEMATIC_TOOL" Description=" "><value Kind="Property"><data Type="Scalar" Storage="String"/><flags><s>Package</s></flags></value><objects><valid><o>Design</o></valid></objects></attribute><attribute Name="CS_EDGE_CLEARANCE" Description=" "><value Kind="Property"><data Type="Scalar" Storage="Double"/><flags><s>Package</s></flags></value><objects><valid><o>Design</o></valid></objects></attribute><attribute Name="CS_PLACEMENT_GRID_UNITS" Description=" "><value Kind="Property"><data Type="Scalar" Storage="String"/><flags><s>Package</s></flags></value><objects><valid><o>Design</o></valid></objects></attribute><attribute Name="CS_PLACEMENT_GRID_Y" Description=" "><value Kind="Property"><data Type="Scalar" Storage="Double"/><flags><s>Package</s></flags></value><objects><valid><o>Design</o></valid></objects></attribute><attribute Name="CS_PLACEMENT_GRID_X" Description=" "><value Kind="Property"><data Type="Scalar" Storage="Double"/><flags><s>Package</s></flags></value><objects><valid><o>Design</o></valid></objects></attribute><attribute Name="CS_BULK_CAP_ASSIGNMENT" Description=" "><value Kind="Property"><data Type="Scalar" Storage="String"/><flags><s>Package</s></flags></value><objects><valid><o>Design</o></valid></objects></attribute><attribute Name="CS_BOTTOM_CHIP_RESTRICTION" Description=" "><value Kind="Property"><data Type="Scalar" Storage="Integer"/><flags><s>Package</s></flags></value><objects><valid><o>Design</o></valid></objects></attribute><attribute Name="CS_BOTTOM_HEIGHT_LIMIT" Description=" "><value Kind="Property"><data Type="Scalar" Storage="Double"/><flags><s>Package</s></flags></value><objects><valid><o>Design</o></valid></objects></attribute><attribute Name="CS_MIXED_TECH" Description=" "><value Kind="Property"><data Type="Scalar" Storage="String"/><flags><s>Package</s></flags></value><objects><valid><o>Design</o></valid></objects></attribute><attribute Name="CS_NUMBER_OF_SIDES" Description=" "><value Kind="Property"><data Type="Scalar" Storage="Integer"/><flags><s>Package</s></flags></value><objects><valid><o>Design</o></valid></objects></attribute><attribute Name="CS_MAX_SHARE_DISTANCE" Description=" "><value Kind="Property"><data Type="Scalar" Storage="Double"/><flags><s>Package</s></flags></value><objects><valid><o>Design</o></valid></objects></attribute><attribute Name="CS_MAX_SHARE_DIST_ON" Description=" "><value Kind="Property"><data Type="Scalar" Storage="Bool"/><flags><s>Package</s></flags></value><objects><valid><o>Design</o></valid></objects></attribute><attribute Name="CS_VIA_SHARING_MAXCT" Description=" "><value Kind="Property"><data Type="Scalar" Storage="Integer"/><flags><s>Package</s></flags></value><objects><valid><o>Design</o></valid></objects></attribute><attribute Name="CS_VIA_SHARING_ON" Description=" "><value Kind="Property"><data Type="Scalar" Storage="Bool"/><flags><s>Package</s></flags></value><objects><valid><o>Design</o></valid></objects></attribute><attribute Name="CS_SMD_TO_VIA_SHARING_MAXCT" Description=" "><value Kind="Property"><data Type="Scalar" Storage="Integer"/><flags><s>Package</s></flags></value><objects><valid><o>Design</o></valid></objects></attribute><attribute Name="CS_SMD_TO_VIA_SHARING_ON" Description=" "><value Kind="Property"><data Type="Scalar" Storage="Bool"/><flags><s>Package</s></flags></value><objects><valid><o>Design</o></valid></objects></attribute><attribute Name="CS_PIN_SHARING_MAXCT" Description=" "><value Kind="Property"><data Type="Scalar" Storage="Integer"/><flags><s>Package</s></flags></value><objects><valid><o>Design</o></valid></objects></attribute><attribute Name="CS_PIN_SHARING_ON" Description=" "><value Kind="Property"><data Type="Scalar" Storage="Bool"/><flags><s>Package</s></flags></value><objects><valid><o>Design</o></valid></objects></attribute><attribute Name="CS_TRACKS_PER_CHANNEL" Description=" "><value Kind="Property"><data Type="Scalar" Storage="Integer"/><flags><s>Package</s></flags></value><objects><valid><o>Design</o></valid></objects></attribute><attribute Name="CS_FANOUT_PADSTACK" Description=" "><value Kind="Property"><data Type="Scalar" Storage="String"/><flags><s>Package</s></flags></value><objects><valid><o>Design</o></valid></objects></attribute><attribute Name="CS_FANOUT_ALIGN" Description=" "><value Kind="Property"><data Type="Scalar" Storage="String"/><flags><s>Package</s></flags></value><objects><valid><o>Design</o></valid></objects></attribute><attribute Name="CS_FANOUT_DIR" Description=" "><value Kind="Property"><data Type="Scalar" Storage="String"/><flags><s>Package</s></flags></value><objects><valid><o>Design</o></valid></objects></attribute><attribute Name="CS_FANOUT_TYPE" Description=" "><value Kind="Property"><data Type="Scalar" Storage="String"/><flags><s>Package</s></flags></value><objects><valid><o>Design</o></valid></objects></attribute><attribute Name="CS_WAVE_DIRECTION" Description=" "><value Kind="Property"><data Type="Scalar" Storage="String"/><flags><s>Package</s></flags></value><objects><valid><o>Design</o></valid></objects></attribute><attribute Name="CS_BULK_THRESHOLD" Description=" "><value Kind="Property"><data Type="Scalar" Storage="Integer"/><flags><s>Package</s></flags></value><objects><valid><o>Design</o></valid></objects></attribute><attribute Name="CS_SELECTED_BYCAP_VALUES4" Description=" "><value Kind="Property"><data Type="Scalar" Storage="String"/><flags><s>Package</s></flags></value><objects><valid><o>Design</o></valid></objects></attribute><attribute Name="CS_SELECTED_BYCAP_VALUES3" Description=" "><value Kind="Property"><data Type="Scalar" Storage="String"/><flags><s>Package</s></flags></value><objects><valid><o>Design</o></valid></objects></attribute><attribute Name="CS_SELECTED_BYCAP_VALUES2" Description=" "><value Kind="Property"><data Type="Scalar" Storage="String"/><flags><s>Package</s></flags></value><objects><valid><o>Design</o></valid></objects></attribute><attribute Name="CS_SELECTED_BYCAP_VALUES1" Description=" "><value Kind="Property"><data Type="Scalar" Storage="String"/><flags><s>Package</s></flags></value><objects><valid><o>Design</o></valid></objects></attribute><attribute Name="CS_SELECTED_GROUND_NETS" Description=" "><value Kind="Property"><data Type="Scalar" Storage="String"/><flags><s>Package</s></flags></value><objects><valid><o>Design</o></valid></objects></attribute><attribute Name="CS_SELECTED_GROUND_NETS5" Description=" "><value Kind="Property"><data Type="Scalar" Storage="String"/><flags><s>Package</s></flags></value><objects><valid><o>Design</o></valid></objects></attribute><attribute Name="CS_SELECTED_GROUND_NETS4" Description=" "><value Kind="Property"><data Type="Scalar" Storage="String"/><flags><s>Package</s></flags></value><objects><valid><o>Design</o></valid></objects></attribute><attribute Name="CS_SELECTED_GROUND_NETS3" Description=" "><value Kind="Property"><data Type="Scalar" Storage="String"/><flags><s>Package</s></flags></value><objects><valid><o>Design</o></valid></objects></attribute><attribute Name="CS_SELECTED_GROUND_NETS2" Description=" "><value Kind="Property"><data Type="Scalar" Storage="String"/><flags><s>Package</s></flags></value><objects><valid><o>Design</o></valid></objects></attribute><attribute Name="CS_SELECTED_GROUND_NETS1" Description=" "><value Kind="Property"><data Type="Scalar" Storage="String"/><flags><s>Package</s></flags></value><objects><valid><o>Design</o></valid></objects></attribute><attribute Name="CS_SELECTED_POWER_NETS" Description=" "><value Kind="Property"><data Type="Scalar" Storage="String"/><flags><s>Package</s></flags></value><objects><valid><o>Design</o></valid></objects></attribute><attribute Name="CS_SELECTED_POWER_NETS5" Description=" "><value Kind="Property"><data Type="Scalar" Storage="String"/><flags><s>Package</s></flags></value><objects><valid><o>Design</o></valid></objects></attribute><attribute Name="CS_SELECTED_POWER_NETS4" Description=" "><value Kind="Property"><data Type="Scalar" Storage="String"/><flags><s>Package</s></flags></value><objects><valid><o>Design</o></valid></objects></attribute><attribute Name="CS_SELECTED_POWER_NETS3" Description=" "><value Kind="Property"><data Type="Scalar" Storage="String"/><flags><s>Package</s></flags></value><objects><valid><o>Design</o></valid></objects></attribute><attribute Name="CS_SELECTED_POWER_NETS2" Description=" "><value Kind="Property"><data Type="Scalar" Storage="String"/><flags><s>Package</s></flags></value><objects><valid><o>Design</o></valid></objects></attribute><attribute Name="CS_SELECTED_POWER_NETS1" Description=" "><value Kind="Property"><data Type="Scalar" Storage="String"/><flags><s>Package</s></flags></value><objects><valid><o>Design</o></valid></objects></attribute><attribute Name="PSI" Description=" "><value Kind="Property"><data Type="Scalar" Storage="String"/><flags><s>Package</s></flags></value><objects><valid><o>Design</o><o>PartDefn</o><o>Part</o><o>GateDefn</o><o>Gate</o><o>PinDefn</o><o>Pin</o><o>Xnet</o><o>Net</o><o>Region</o><o>ElectricalCSet</o><o>Group</o><o>DRC</o><o>NetClass</o><o>DiffPair</o><o>Bus</o><o>PinPair</o><o>MatchGroup</o><o>Die</o><o>PhysicalCSet</o><o>SpacingCSet</o><o>ClassClass</o><o>RegionClass</o><o>RegionClassClass</o><o>RatBundle</o><o>NetInterface</o><o>NetGroup</o><o>VoltageDefinition</o><o>WireProfile</o><o>ClineSegment</o><o>Via</o><o>SymbolDefn</o><o>Symbol</o><o>Line</o><o>Figure</o><o>Void</o><o>CLine</o><o>Shape</o></valid></objects></attribute><attribute Name="5V_REQUIRED" Description=" "><value Kind="Property"><data Type="Scalar" Storage="String"/><flags><s>Package</s></flags></value><objects><valid><o>Design</o><o>PartDefn</o><o>Part</o><o>GateDefn</o><o>Gate</o><o>PinDefn</o><o>Pin</o><o>Xnet</o><o>Net</o><o>Region</o><o>ElectricalCSet</o><o>Group</o><o>DRC</o><o>NetClass</o><o>DiffPair</o><o>Bus</o><o>PinPair</o><o>MatchGroup</o><o>Die</o><o>PhysicalCSet</o><o>SpacingCSet</o><o>ClassClass</o><o>RegionClass</o><o>RegionClassClass</o><o>RatBundle</o><o>NetInterface</o><o>NetGroup</o><o>VoltageDefinition</o><o>WireProfile</o><o>ClineSegment</o><o>Via</o><o>SymbolDefn</o><o>Symbol</o><o>Line</o><o>Figure</o><o>Void</o><o>CLine</o><o>Shape</o></valid></objects></attribute><attribute Name="3V3_REQUIRED" Description=" "><value Kind="Property"><data Type="Scalar" Storage="String"/><flags><s>Package</s></flags></value><objects><valid><o>Design</o><o>PartDefn</o><o>Part</o><o>GateDefn</o><o>Gate</o><o>PinDefn</o><o>Pin</o><o>Xnet</o><o>Net</o><o>Region</o><o>ElectricalCSet</o><o>Group</o><o>DRC</o><o>NetClass</o><o>DiffPair</o><o>Bus</o><o>PinPair</o><o>MatchGroup</o><o>Die</o><o>PhysicalCSet</o><o>SpacingCSet</o><o>ClassClass</o><o>RegionClass</o><o>RegionClassClass</o><o>RatBundle</o><o>NetInterface</o><o>NetGroup</o><o>VoltageDefinition</o><o>WireProfile</o><o>ClineSegment</o><o>Via</o><o>SymbolDefn</o><o>Symbol</o><o>Line</o><o>Figure</o><o>Void</o><o>CLine</o><o>Shape</o></valid></objects></attribute><attribute Name="12V_REQUIRED" Description=" "><value Kind="Property"><data Type="Scalar" Storage="String"/><flags><s>Package</s></flags></value><objects><valid><o>Design</o><o>PartDefn</o><o>Part</o><o>GateDefn</o><o>Gate</o><o>PinDefn</o><o>Pin</o><o>Xnet</o><o>Net</o><o>Region</o><o>ElectricalCSet</o><o>Group</o><o>DRC</o><o>NetClass</o><o>DiffPair</o><o>Bus</o><o>PinPair</o><o>MatchGroup</o><o>Die</o><o>PhysicalCSet</o><o>SpacingCSet</o><o>ClassClass</o><o>RegionClass</o><o>RegionClassClass</o><o>RatBundle</o><o>NetInterface</o><o>NetGroup</o><o>VoltageDefinition</o><o>WireProfile</o><o>ClineSegment</o><o>Via</o><o>SymbolDefn</o><o>Symbol</o><o>Line</o><o>Figure</o><o>Void</o><o>CLine</o><o>Shape</o></valid></objects></attribute><attribute Name="NV_LIB_VERSION" Description=" "><value Kind="Property"><data Type="Scalar" Storage="String"/><flags><s>Package</s></flags></value><objects><valid><o>SymbolDefn</o><o>Symbol</o></valid></objects></attribute><attribute Name="NV_IMP_NETCLASS" Description=" "><value Kind="Property"><data Type="Scalar" Storage="String"/><flags><s>Package</s></flags></value><objects><valid><o>Design</o></valid></objects></attribute><attribute Name="NVMASK" Description=" "><value Kind="Property"><data Type="Scalar" Storage="String"/><flags><s>Package</s></flags></value><objects><valid><o>SymbolDefn</o><o>Symbol</o><o>Void</o><o>Shape</o></valid></objects></attribute><attribute Name="MCAD_NAME" Description=" "><value Kind="Property"><data Type="Scalar" Storage="String"/><flags><s>Package</s></flags></value><objects><valid><o>SymbolDefn</o><o>Symbol</o></valid></objects></attribute><attribute Name="NV_DB_DRILL_BIT_SIZE" Description=" "><value Kind="Property"><data Type="Scalar" Storage="String"/><flags><s>Package</s></flags></value><objects><valid><o>Design</o></valid></objects></attribute><attribute Name="NV_MASK_PAD_OVERAGE" Description=" "><value Kind="Property"><data Type="Scalar" Storage="String"/><flags><s>Package</s></flags></value><objects><valid><o>Design</o></valid></objects></attribute><attribute Name="NV_MASK_REDUCTION_TYPES" Description=" "><value Kind="Property"><data Type="Scalar" Storage="String"/><flags><s>Package</s></flags></value><objects><valid><o>Design</o></valid></objects></attribute><attribute Name="NV_MASK_FLOOD_PERCENT" Description=" "><value Kind="Property"><data Type="Scalar" Storage="String"/><flags><s>Package</s></flags></value><objects><valid><o>Design</o></valid></objects></attribute><attribute Name="NV_SYMBOL_ALLOW_THICKNESS_RANGE" Description=" "><value Kind="Property"><data Type="Scalar" Storage="String"/><flags><s>Package</s></flags></value><objects><valid><o>SymbolDefn</o><o>Symbol</o></valid></objects></attribute><attribute Name="NV_UNITY_BU_INFO" Description=" "><value Kind="Property"><data Type="Scalar" Storage="String"/><flags><s>Package</s></flags></value><objects><valid><o>Design</o></valid></objects></attribute><attribute Name="NV_COPPERTHIEVING" Description=" "><value Kind="Property"><data Type="Scalar" Storage="Bool"/><flags><s>Package</s></flags></value><objects><valid><o>Void</o><o>Shape</o></valid></objects></attribute><attribute Name="NVID" Description=" "><value Kind="Property"><data Type="Scalar" Storage="String"/><flags><s>Package</s></flags></value><objects><valid><o>Design</o><o>PartDefn</o><o>Part</o><o>SymbolDefn</o><o>Symbol</o><o>Void</o><o>Shape</o></valid></objects></attribute><attribute Name="NV_AGGRESSOR" Description=" "><value Kind="Property"><data Type="Scalar" Storage="String"/><flags><s>Package</s></flags></value><objects><valid><o>Part</o></valid></objects></attribute><attribute Name="NV_VICTIM" Description=" "><value Kind="Property"><data Type="Scalar" Storage="String"/><flags><s>Package</s></flags></value><objects><valid><o>Part</o></valid></objects></attribute><attribute Name="NV_DB_BACKDRILL_COST" Description=" "><value Kind="Property"><data Type="Scalar" Storage="String"/><flags><s>Package</s></flags></value><objects><valid><o>Design</o></valid></objects></attribute><attribute Name="NC_RADIUS" Description=" "><value Kind="Property"><data Type="Scalar" Storage="String"/><flags><s>Package</s></flags></value><objects><valid><o>Net</o></valid></objects></attribute><attribute Name="NV_REQUIREDSYMBOL" Description=" "><value Kind="Property"><data Type="Scalar" Storage="String"/><flags><s>Package</s></flags></value><objects><valid><o>Design</o></valid></objects></attribute><attribute Name="NV_MICROSCALE" Description=" "><value Kind="Property"><data Type="Scalar" Storage="String"/><flags><s>Package</s></flags></value><objects><valid><o>SymbolDefn</o><o>Symbol</o></valid></objects></attribute><attribute Name="NV_PRIOR_VERSION" Description=" "><value Kind="Property"><data Type="Scalar" Storage="String"/><flags><s>Package</s></flags></value><objects><valid><o>Design</o></valid></objects></attribute><attribute Name="NV_LAST_PADSTACK_REFRESH" Description=" "><value Kind="Property"><data Type="Scalar" Storage="String"/><flags><s>Package</s></flags></value><objects><valid><o>Design</o><o>SymbolDefn</o><o>Symbol</o></valid></objects></attribute><attribute Name="NVTCL_ASSIGNED" Description=" "><value Kind="Property"><data Type="Scalar" Storage="String"/><flags><s>Package</s></flags></value><objects><valid><o>Net</o></valid></objects></attribute><attribute Name="NV_MATRIX_BOUND_NET" Description=" "><value Kind="Property"><data Type="Scalar" Storage="String"/><flags><s>Package</s></flags></value><objects><valid><o>Net</o></valid></objects></attribute><attribute Name="NV_CONTAINING_GROUP" Description=" "><value Kind="Property"><data Type="Scalar" Storage="String"/><flags><s>Package</s></flags></value><objects><valid><o>Pin</o><o>Net</o><o>SymbolDefn</o><o>Symbol</o></valid></objects></attribute><attribute Name="CDS_XNETS_WO_MODELS" Description=" "><value Kind="Property"><data Type="Scalar" Storage="Bool"/><flags><s>Package</s></flags></value><objects><valid><o>Design</o></valid></objects></attribute><attribute Name="NO_HDIRPV_CHECK" Description=" "><value Kind="Property"><data Type="Scalar" Storage="Bool"/><flags><s>Package</s></flags></value><objects><valid><o>Via</o></valid></objects></attribute><attribute Name="NV_LINE_WIDTH_CHECK" Description=" "><value Kind="Property"><data Type="Scalar" Storage="String"/><flags><s>Package</s></flags></value><objects><valid><o>Net</o></valid></objects></attribute><attribute Name="NV_DUMMY_CORE_LAYER" Description=" "><value Kind="Property"><data Type="Scalar" Storage="String"/><flags><s>Package</s></flags></value><objects><valid><o>Design</o></valid></objects></attribute><attribute Name="NV_MATRIX_LAYER_BOUND" Description=" "><value Kind="Property"><data Type="Scalar" Storage="String"/><flags><s>Package</s></flags></value><objects><valid><o>Design</o></valid></objects></attribute><attribute Name="NV_MATRIX_UB" Description=" "><value Kind="Property"><data Type="Scalar" Storage="String"/><flags><s>Package</s></flags></value><objects><valid><o>Design</o></valid></objects></attribute><attribute Name="NV_MATRIX_LB" Description=" "><value Kind="Property"><data Type="Scalar" Storage="String"/><flags><s>Package</s></flags></value><objects><valid><o>Design</o></valid></objects></attribute><attribute Name="NV_MATRIX_RADIUS_NET" Description=" "><value Kind="Property"><data Type="Scalar" Storage="String"/><flags><s>Package</s></flags></value><objects><valid><o>Pin</o><o>Net</o><o>SymbolDefn</o><o>Symbol</o></valid></objects></attribute><attribute Name="NV_MATRIX_DEFAULT_BOUND_NET" Description=" "><value Kind="Property"><data Type="Scalar" Storage="String"/><flags><s>Package</s></flags></value><objects><valid><o>Pin</o><o>Net</o><o>SymbolDefn</o><o>Symbol</o></valid></objects></attribute><attribute Name="NV_VIA_CHECK_RULE_5" Description=" "><value Kind="Property"><data Type="Scalar" Storage="String"/><flags><s>Package</s></flags></value><objects><valid><o>Pin</o><o>Net</o><o>SymbolDefn</o><o>Symbol</o></valid></objects></attribute><attribute Name="NV_VIA_CHECK_RULE_4" Description=" "><value Kind="Property"><data Type="Scalar" Storage="String"/><flags><s>Package</s></flags></value><objects><valid><o>Net</o></valid></objects></attribute><attribute Name="NV_VIA_CHECK_RULE_3" Description=" "><value Kind="Property"><data Type="Scalar" Storage="String"/><flags><s>Package</s></flags></value><objects><valid><o>Pin</o><o>Net</o><o>SymbolDefn</o><o>Symbol</o></valid></objects></attribute><attribute Name="NV_OVERRIDE_AREA" Description=" "><value Kind="Property"><data Type="Scalar" Storage="String"/><flags><s>Package</s></flags></value><objects><valid><o>Net</o></valid></objects></attribute><attribute Name="NV_REF_PLANE_CHECK" Description=" "><value Kind="Property"><data Type="Scalar" Storage="String"/><flags><s>Package</s></flags></value><objects><valid><o>Net</o></valid></objects></attribute><attribute Name="DRVR_IMPEDANCE" Description="Custom unit string: OHMS"><value Kind="Property"><data Type="Scalar" Storage="Integer"/><range Min="0" Max="100"/><flags><s>Package</s></flags></value><objects><valid><o>Net</o></valid></objects></attribute><attribute Name="NV_PROPS" Description=" "><value Kind="Property"><data Type="Scalar" Storage="String"/><flags><s>Package</s></flags></value><objects><valid><o>Design</o></valid></objects></attribute><attribute Name="NV_NOXSECTIONCHARTREQUIRE" Description=" "><value Kind="Property"><data Type="Scalar" Storage="String"/><flags><s>Package</s></flags></value><objects><valid><o>Design</o></valid></objects></attribute><attribute Name="NV_SET_OVERRIDE" Description=" "><value Kind="Property"><data Type="Scalar" Storage="String"/><flags><s>Package</s></flags></value><objects><valid><o>Design</o></valid></objects></attribute><attribute Name="NV_DISABLE_ART" Description=" "><value Kind="Property"><data Type="Scalar" Storage="String"/><flags><s>Package</s></flags></value><objects><valid><o>Design</o></valid></objects></attribute><attribute Name="NV_MATRIX_CHECK" Description=" "><value Kind="Property"><data Type="Scalar" Storage="String"/><flags><s>Package</s></flags></value><objects><valid><o>Pin</o><o>Net</o><o>SymbolDefn</o><o>Symbol</o></valid></objects></attribute><attribute Name="NV_VIA_CHECK_RULE_2" Description=" "><value Kind="Property"><data Type="Scalar" Storage="String"/><flags><s>Package</s></flags></value><objects><valid><o>Pin</o><o>Net</o><o>SymbolDefn</o><o>Symbol</o></valid></objects></attribute><attribute Name="NV_VIA_CHECK_RULE_1" Description=" "><value Kind="Property"><data Type="Scalar" Storage="String"/><flags><s>Package</s></flags></value><objects><valid><o>Pin</o><o>Net</o><o>SymbolDefn</o><o>Symbol</o></valid></objects></attribute><attribute Name="NV_STACKUP_IMPEDANCE9" Description="Custom unit string: *"><value Kind="Property"><data Type="Scalar" Storage="Integer"/><range Min="1" Max="5"/><flags><s>Package</s></flags></value><objects><valid><o>Design</o></valid></objects></attribute><attribute Name="NV_STACKUP_IMPEDANCE8" Description="Custom unit string: *"><value Kind="Property"><data Type="Scalar" Storage="Integer"/><range Min="1" Max="5"/><flags><s>Package</s></flags></value><objects><valid><o>Design</o></valid></objects></attribute><attribute Name="NV_STACKUP_IMPEDANCE7" Description="Custom unit string: *"><value Kind="Property"><data Type="Scalar" Storage="Integer"/><range Min="1" Max="5"/><flags><s>Package</s></flags></value><objects><valid><o>Design</o></valid></objects></attribute><attribute Name="NV_STACKUP_IMPEDANCE6" Description="Custom unit string: *"><value Kind="Property"><data Type="Scalar" Storage="Integer"/><range Min="1" Max="5"/><flags><s>Package</s></flags></value><objects><valid><o>Design</o></valid></objects></attribute><attribute Name="NV_STACKUP_IMPEDANCE5" Description="Custom unit string: *"><value Kind="Property"><data Type="Scalar" Storage="Integer"/><range Min="1" Max="5"/><flags><s>Package</s></flags></value><objects><valid><o>Design</o></valid></objects></attribute><attribute Name="NV_STACKUP_IMPEDANCE4" Description="Custom unit string: *"><value Kind="Property"><data Type="Scalar" Storage="Integer"/><range Min="1" Max="5"/><flags><s>Package</s></flags></value><objects><valid><o>Design</o></valid></objects></attribute><attribute Name="NV_STACKUP_IMPEDANCE3" Description="Custom unit string: *"><value Kind="Property"><data Type="Scalar" Storage="Integer"/><range Min="1" Max="5"/><flags><s>Package</s></flags></value><objects><valid><o>Design</o></valid></objects></attribute><attribute Name="NV_STACKUP_IMPEDANCE2" Description="Custom unit string: *"><value Kind="Property"><data Type="Scalar" Storage="Integer"/><range Min="1" Max="5"/><flags><s>Package</s></flags></value><objects><valid><o>Design</o></valid></objects></attribute><attribute Name="NV_STACKUP_IMPEDANCE1" Description="Custom unit string: *"><value Kind="Property"><data Type="Scalar" Storage="Integer"/><range Min="1" Max="5"/><flags><s>Package</s></flags></value><objects><valid><o>Design</o></valid></objects></attribute><attribute Name="EXTERNAL_VIOLATION_DESCRIPTION" Description=" "><value Kind="Property"><data Type="Scalar" Storage="String"/><flags><s>Package</s></flags></value><objects><valid><o>DRC</o></valid></objects></attribute><attribute Name="FIXED_TEMP" Description=" "><value Kind="Property"><data Type="Scalar" Storage="String"/><flags><s>Package</s></flags></value><objects><valid><o>Part</o><o>Pin</o><o>Net</o><o>SymbolDefn</o><o>Symbol</o><o>Void</o><o>Shape</o></valid></objects></attribute><attribute Name="NVIDIA_APPROVED_DRC" Description=" "><value Kind="Property"><data Type="Scalar" Storage="String"/><flags><s>Package</s></flags></value><objects><valid><o>SymbolDefn</o><o>Symbol</o></valid></objects></attribute><attribute Name="NV_APPROVE_COST" Description=" "><value Kind="Property"><data Type="Scalar" Storage="String"/><flags><s>Package</s></flags></value><objects><valid><o>Design</o></valid></objects></attribute><attribute Name="LINK" Description=" "><value Kind="Property"><data Type="Scalar" Storage="String"/><flags><s>Package</s></flags></value><objects><valid><o>PartDefn</o></valid></objects></attribute><attribute Name="NV_IMPEDANCE" Description=" "><value Kind="Property"><data Type="Scalar" Storage="String"/><flags><s>Package</s></flags></value><objects><valid><o>Net</o></valid></objects></attribute><attribute Name="NV_NET_MIN_VIAS" Description=" "><value Kind="Property"><data Type="Scalar" Storage="Integer"/><flags><s>Package</s></flags></value><objects><valid><o>Net</o></valid></objects></attribute><attribute Name="DATASHEET_LINK" Description=" "><value Kind="Property"><data Type="Scalar" Storage="String"/><flags><s>Package</s></flags></value><objects><valid><o>PartDefn</o></valid></objects></attribute><attribute Name="BACKDRILL_MIN_SPACING" Description=""><value Kind="Property"><data Type="Scalar" Storage="String"/><flags><s>Package</s></flags></value><objects><valid><o>Design</o></valid></objects></attribute><attribute Name="NV_MIN_AR_PTH" Description="NV_MIN_AR_PTH"><value Kind="Property"><data Type="Scalar" Storage="String"/><flags><s>Package</s></flags></value><objects><valid><o>PhysicalCSet</o></valid></objects></attribute><attribute Name="NV_MIN_AR_VIA" Description="NV_MIN_AR_VIA"><value Kind="Property"><data Type="Scalar" Storage="String"/><flags><s>Package</s></flags></value><objects><valid><o>PhysicalCSet</o></valid></objects></attribute><attribute Name="NV_STACKUP_REV" Description=" "><value Kind="Property"><data Type="Scalar" Storage="String"/><flags><s>Package</s></flags></value><objects><valid><o>Design</o></valid></objects></attribute><attribute Name="NV_STACKUP_PATH" Description=" "><value Kind="Property"><data Type="Scalar" Storage="String"/><flags><s>Package</s></flags></value><objects><valid><o>Design</o></valid></objects></attribute><attribute Name="VIASTRUCTUREID" Description=" "><value Kind="Property"><data Type="Scalar" Storage="String"/><flags><s>Package</s></flags></value><objects><valid><o>Pin</o><o>Via</o><o>SymbolDefn</o><o>Symbol</o><o>Line</o><o>Void</o><o>CLine</o><o>Shape</o></valid></objects></attribute><attribute Name="VAIDMULTI" Description=" "><value Kind="Property"><data Type="Scalar" Storage="String"/><flags><s>Package</s></flags></value><objects><valid><o>Pin</o><o>Via</o><o>SymbolDefn</o><o>Symbol</o><o>Line</o><o>Void</o><o>CLine</o><o>Shape</o></valid></objects></attribute><attribute Name="VIAARRAYID" Description=" "><value Kind="Property"><data Type="Scalar" Storage="Integer"/><flags><s>Package</s></flags></value><objects><valid><o>Pin</o><o>Via</o><o>SymbolDefn</o><o>Symbol</o><o>Line</o><o>Void</o><o>CLine</o><o>Shape</o></valid></objects></attribute><attribute Name="MANUFACTURING_STUB_LENGTH" Description=""><value Kind="Property"><data Type="Scalar" Storage="String"/><flags><s>Package</s></flags></value><objects><valid><o>Design</o></valid></objects></attribute><attribute Name="OVERSIZE_SOLDERMASK_PAD_FOR_START_LAYERS" Description=""><value Kind="Property"><data Type="Scalar" Storage="String"/><flags><s>Package</s></flags></value><objects><valid><o>Design</o></valid></objects></attribute><attribute Name="OVERSIZE_ANTIPAD_FOR_NEGATIVE_LAYERS" Description=""><value Kind="Property"><data Type="Scalar" Storage="String"/><flags><s>Package</s></flags></value><objects><valid><o>Design</o></valid></objects></attribute><attribute Name="OVERSIZE_KEEPOUT_FOR_BACKDRILL_LAYERS" Description=""><value Kind="Property"><data Type="Scalar" Storage="String"/><flags><s>Package</s></flags></value><objects><valid><o>Design</o></valid></objects></attribute><attribute Name="OVERSIZE_BACKDRILL_DIAMETER" Description=""><value Kind="Property"><data Type="Scalar" Storage="String"/><flags><s>Package</s></flags></value><objects><valid><o>Design</o></valid></objects></attribute><attribute Name="UNDERSIZE_REGULAR_PAD_FOR_START_LAYERS" Description=""><value Kind="Property"><data Type="Scalar" Storage="String"/><flags><s>Package</s></flags></value><objects><valid><o>Design</o></valid></objects></attribute><attribute Name="NV_PEXVOID_OVERSIZE_LAYERCOUNT" Description=""><value Kind="Property"><data Type="Scalar" Storage="String"/><flags><s>Package</s></flags></value><objects><valid><o>Design</o></valid></objects></attribute><attribute Name="NV_PEXVOID_LAYERCOUNT" Description=""><value Kind="Property"><data Type="Scalar" Storage="String"/><flags><s>Package</s></flags></value><objects><valid><o>Design</o></valid></objects></attribute><attribute Name="NV_MLCC_THRESHOLD" Description="This value will define the minimum voltage level to check for the MLCC component check"><value Kind="Property"><data Type="Scalar" Storage="Double"/><flags><s>Package</s><s>NoFlow</s><s>CMEditOnly</s></flags></value><objects><valid><o>Design</o></valid></objects></attribute><attribute Name="NV_MIN_AR_MVIA" Description="Min Annular ring for microvias"><value Kind="Property" Type="Layer"><data Type="Array" Storage="Double"/><units Type="uDesign" Name="mm"/><flags><s>Package</s></flags></value><objects><valid><o>Design</o><o>Layer</o><o>PhysicalCSet</o></valid></objects></attribute><attribute Name="COSTS" Description=" "><value Kind="Property"><data Type="Scalar" Storage="String"/><flags><s>Package</s></flags></value><objects><valid><o>System</o><o>Design</o><o>PartDefn</o><o>Part</o><o>GateDefn</o><o>Gate</o><o>DesignInstance</o></valid><noInherit><pair Kind1="Gate" Kind2="Pin"/></noInherit></objects></attribute><attribute Name="DESCRIPTION" Description=" "><value Kind="Property"><data Type="Scalar" Storage="String"/><flags><s>Package</s></flags></value><objects><valid><o>System</o><o>Design</o><o>PartDefn</o><o>Part</o><o>GateDefn</o><o>Gate</o><o>DesignInstance</o></valid><noInherit><pair Kind1="Gate" Kind2="Pin"/></noInherit></objects></attribute><attribute Name="LEAD_TIME" Description=" "><value Kind="Property"><data Type="Scalar" Storage="String"/><flags><s>Package</s></flags></value><objects><valid><o>System</o><o>Design</o><o>PartDefn</o><o>Part</o><o>GateDefn</o><o>Gate</o><o>DesignInstance</o></valid><noInherit><pair Kind1="Gate" Kind2="Pin"/></noInherit></objects></attribute><attribute Name="VOLUME" Description=" "><value Kind="Property"><data Type="Scalar" Storage="String"/><flags><s>Package</s></flags></value><objects><valid><o>System</o><o>Design</o><o>PartDefn</o><o>Part</o><o>GateDefn</o><o>Gate</o><o>DesignInstance</o></valid><noInherit><pair Kind1="Gate" Kind2="Pin"/></noInherit></objects></attribute><attribute Name="NV_RENAMEREFDES" Description=" "><value Kind="Property"><data Type="Scalar" Storage="Integer"/><range Min="0" Max="1"/><flags><s>Package</s></flags></value><objects><valid><o>Part</o></valid></objects></attribute><attribute Name="NV_NVLVOID_LAYERCOUNT" Description=""><value Kind="Property"><data Type="Scalar" Storage="String"/><flags><s>Package</s></flags></value><objects><valid><o>Design</o></valid></objects></attribute><attribute Name="NV_MASK_REDUCTION_PERCENT" Description=""><value Kind="Property"><data Type="Scalar" Storage="String"/><flags><s>Package</s></flags></value><objects><valid><o>Design</o></valid></objects></attribute><attribute Name="NV_MASK_SKIP_TYPES" Description=""><value Kind="Property"><data Type="Scalar" Storage="String"/><flags><s>Package</s></flags></value><objects><valid><o>Design</o></valid></objects></attribute><attribute Name="TEMP_RANGE" Description=" "><value Kind="Property"><data Type="Scalar" Storage="String"/><flags><s>Package</s></flags></value><objects><valid><o>System</o><o>Design</o><o>PartDefn</o><o>Part</o><o>GateDefn</o><o>Gate</o><o>DesignInstance</o></valid><noInherit><pair Kind1="Gate" Kind2="Pin"/></noInherit></objects></attribute><attribute Name="TRIP_TIME" Description=" "><value Kind="Property"><data Type="Scalar" Storage="String"/><flags><s>Package</s></flags></value><objects><valid><o>System</o><o>Design</o><o>PartDefn</o><o>Part</o><o>GateDefn</o><o>Gate</o><o>DesignInstance</o></valid><noInherit><pair Kind1="Gate" Kind2="Pin"/></noInherit></objects></attribute></root>