<?xml version="1.0" encoding="UTF-8" standalone="no"?><root><o N="@p3509_a01_lib.p3509_a01(sch_1):\PCIE0_RX1\" A="PCIE0_RX1"><m K="10" N="@p3509_a01_lib.p3509_a01(sch_1):pcie0_rx1_n"/><m K="10" N="@p3509_a01_lib.p3509_a01(sch_1):pcie0_rx1_p"/></o><o N="@p3509_a01_lib.p3509_a01(sch_1):\PCIE0_RX2\" A="PCIE0_RX2"><m K="10" N="@p3509_a01_lib.p3509_a01(sch_1):pcie0_rx2_p"/><m K="10" N="@p3509_a01_lib.p3509_a01(sch_1):pcie0_rx2_n"/></o><o N="@p3509_a01_lib.p3509_a01(sch_1):\PCIE0_RX3\" A="PCIE0_RX3"><m K="10" N="@p3509_a01_lib.p3509_a01(sch_1):pcie0_rx3_p"/><m K="10" N="@p3509_a01_lib.p3509_a01(sch_1):pcie0_rx3_n"/></o><o N="@p3509_a01_lib.p3509_a01(sch_1):\PCIE0_TX1\" A="PCIE0_TX1"><m K="9" N="@p3509_a01_lib.p3509_a01(sch_1):pcie0_tx1_m2_n"/><m K="9" N="@p3509_a01_lib.p3509_a01(sch_1):pcie0_tx1_m2_p"/></o><o N="@p3509_a01_lib.p3509_a01(sch_1):\PCIE0_TX2\" A="PCIE0_TX2"><m K="9" N="@p3509_a01_lib.p3509_a01(sch_1):pcie0_tx2_m2_n"/><m K="9" N="@p3509_a01_lib.p3509_a01(sch_1):pcie0_tx2_m2_p"/></o><o N="@p3509_a01_lib.p3509_a01(sch_1):\PCIE0_TX3\" A="PCIE0_TX3"><m K="9" N="@p3509_a01_lib.p3509_a01(sch_1):pcie0_tx3_m2_n"/><m K="9" N="@p3509_a01_lib.p3509_a01(sch_1):pcie0_tx3_m2_p"/></o><o N="@p3509_a01_lib.p3509_a01(sch_1):\PCIE0_CLK\" A="PCIE0_CLK"><m K="10" N="@p3509_a01_lib.p3509_a01(sch_1):pcie0_clk_n"/><m K="10" N="@p3509_a01_lib.p3509_a01(sch_1):pcie0_clk_p"/></o><o N="@p3509_a01_lib.p3509_a01(sch_1):\PCIE0_RX0\" A="PCIE0_RX0"><m K="10" N="@p3509_a01_lib.p3509_a01(sch_1):pcie0_rx0_n"/><m K="10" N="@p3509_a01_lib.p3509_a01(sch_1):pcie0_rx0_p"/></o><o N="@p3509_a01_lib.p3509_a01(sch_1):\PCIE0_TX0\" A="PCIE0_TX0"><m K="9" N="@p3509_a01_lib.p3509_a01(sch_1):pcie0_tx0_m2_n"/><m K="9" N="@p3509_a01_lib.p3509_a01(sch_1):pcie0_tx0_m2_p"/></o><o N="@p3509_a01_lib.p3509_a01(sch_1):\PCIE1_CLK\" A="PCIE1_CLK"><m K="10" N="@p3509_a01_lib.p3509_a01(sch_1):pcie1_clk_n"/><m K="10" N="@p3509_a01_lib.p3509_a01(sch_1):pcie1_clk_p"/></o><o N="@p3509_a01_lib.p3509_a01(sch_1):\PCIE1_RX0\" A="PCIE1_RX0"><m K="10" N="@p3509_a01_lib.p3509_a01(sch_1):pcie1_rx0_n"/><m K="10" N="@p3509_a01_lib.p3509_a01(sch_1):pcie1_rx0_p"/></o><o N="@p3509_a01_lib.p3509_a01(sch_1):\PCIE1_TX0\" A="PCIE1_TX0"><m K="9" N="@p3509_a01_lib.p3509_a01(sch_1):pcie1_m2_tx0_n"/><m K="9" N="@p3509_a01_lib.p3509_a01(sch_1):pcie1_m2_tx0_p"/></o><o N="@p3509_a01_lib.p3509_a01(sch_1):\USBSS_RX\" A="USBSS_RX"><m K="9" N="@p3509_a01_lib.p3509_a01(sch_1):usbss_rx_n"/><m K="9" N="@p3509_a01_lib.p3509_a01(sch_1):usbss_rx_p"/></o><o N="@p3509_a01_lib.p3509_a01(sch_1):\USBSS_TX\" A="USBSS_TX"><m K="9" N="@p3509_a01_lib.p3509_a01(sch_1):usbss_rx_hub_n"/><m K="9" N="@p3509_a01_lib.p3509_a01(sch_1):usbss_rx_hub_p"/></o><o N="@p3509_a01_lib.p3509_a01(sch_1):\CSI5_CLK\" A="CSI5_CLK"><m K="10" N="@p3509_a01_lib.p3509_a01(sch_1):csi5_clk_p"/><m K="10" N="@p3509_a01_lib.p3509_a01(sch_1):csi5_clk_n"/></o><o N="@p3509_a01_lib.p3509_a01(sch_1):\CSI5_D1\" A="CSI5_D1"><m K="10" N="@p3509_a01_lib.p3509_a01(sch_1):csi5_d1_p"/><m K="10" N="@p3509_a01_lib.p3509_a01(sch_1):csi5_d1_n"/></o><o N="@p3509_a01_lib.p3509_a01(sch_1):\CSI5_DO\" A="CSI5_DO"><m K="10" N="@p3509_a01_lib.p3509_a01(sch_1):csi5_d0_n"/><m K="10" N="@p3509_a01_lib.p3509_a01(sch_1):csi5_d0_p"/></o><o N="@p3509_a01_lib.p3509_a01(sch_1):\HDMI_TX0\" A="HDMI_TX0"><m K="9" N="@p3509_a01_lib.p3509_a01(sch_1):hdmi_txd0_con_p"/><m K="9" N="@p3509_a01_lib.p3509_a01(sch_1):hdmi_txd0_con_n"/></o><o N="@p3509_a01_lib.p3509_a01(sch_1):\HDMI_TX1\" A="HDMI_TX1"><m K="9" N="@p3509_a01_lib.p3509_a01(sch_1):hdmi_txd1_con_p"/><m K="9" N="@p3509_a01_lib.p3509_a01(sch_1):hdmi_txd1_con_n"/></o><o N="@p3509_a01_lib.p3509_a01(sch_1):\HDMI_TX2\" A="HDMI_TX2"><m K="9" N="@p3509_a01_lib.p3509_a01(sch_1):hdmi_txd2_con_p"/><m K="9" N="@p3509_a01_lib.p3509_a01(sch_1):hdmi_txd2_con_n"/></o><o N="@p3509_a01_lib.p3509_a01(sch_1):\HDMI_TXC\" A="HDMI_TXC"><m K="9" N="@p3509_a01_lib.p3509_a01(sch_1):hdmi_txc_con_n"/><m K="9" N="@p3509_a01_lib.p3509_a01(sch_1):hdmi_txc_con_p"/></o><o N="@p3509_a01_lib.p3509_a01(sch_1):\DP0_TXD0\" A="DP0_TXD0"><m K="9" N="@p3509_a01_lib.p3509_a01(sch_1):dp_con_lane0_p"/><m K="9" N="@p3509_a01_lib.p3509_a01(sch_1):dp_con_lane0_n"/></o><o N="@p3509_a01_lib.p3509_a01(sch_1):\DP0_TXD1\" A="DP0_TXD1"><m K="9" N="@p3509_a01_lib.p3509_a01(sch_1):dp_con_lane1_p"/><m K="9" N="@p3509_a01_lib.p3509_a01(sch_1):dp_con_lane1_n"/></o><o N="@p3509_a01_lib.p3509_a01(sch_1):\DP0_TXD2\" A="DP0_TXD2"><m K="9" N="@p3509_a01_lib.p3509_a01(sch_1):dp_con_lane2_n"/><m K="9" N="@p3509_a01_lib.p3509_a01(sch_1):dp_con_lane2_p"/></o><o N="@p3509_a01_lib.p3509_a01(sch_1):\DP0_TXD3\" A="DP0_TXD3"><m K="9" N="@p3509_a01_lib.p3509_a01(sch_1):dp_con_lane3_p"/><m K="9" N="@p3509_a01_lib.p3509_a01(sch_1):dp_con_lane3_n"/></o><o N="@p3509_a01_lib.p3509_a01(sch_1):\DP0_AUXQ\" A="DP0_AUXQ"><m K="10" N="@p3509_a01_lib.p3509_a01(sch_1):dp0_aux_q_n"/><m K="10" N="@p3509_a01_lib.p3509_a01(sch_1):dp0_aux_q_p"/></o><o N="@p3509_a01_lib.p3509_a01(sch_1):\USB0_AP\" A="USB0_AP"><m K="10" N="@p3509_a01_lib.p3509_a01(sch_1):usb0_ap_n"/><m K="10" N="@p3509_a01_lib.p3509_a01(sch_1):usb0_ap_p"/></o><o N="@p3509_a01_lib.p3509_a01(sch_1):\USB1_AP\" A="USB1_AP"><m K="10" N="@p3509_a01_lib.p3509_a01(sch_1):usb1_ap_p"/><m K="10" N="@p3509_a01_lib.p3509_a01(sch_1):usb1_ap_n"/></o><o N="@p3509_a01_lib.p3509_a01(sch_1):\USB2_AP\" A="USB2_AP"><m K="10" N="@p3509_a01_lib.p3509_a01(sch_1):usb2_ap_n"/><m K="10" N="@p3509_a01_lib.p3509_a01(sch_1):usb2_ap_p"/></o><o N="@p3509_a01_lib.p3509_a01(sch_1):\DP_GBE_MDI0\" A="DP_GBE_MDI0"><m K="10" N="@p3509_a01_lib.p3509_a01(sch_1):gbe_mdi0_n"/><m K="10" N="@p3509_a01_lib.p3509_a01(sch_1):gbe_mdi0_p"/></o><o N="@p3509_a01_lib.p3509_a01(sch_1):\DP_GBE_MDI1\" A="DP_GBE_MDI1"><m K="10" N="@p3509_a01_lib.p3509_a01(sch_1):gbe_mdi1_n"/><m K="10" N="@p3509_a01_lib.p3509_a01(sch_1):gbe_mdi1_p"/></o><o N="@p3509_a01_lib.p3509_a01(sch_1):\DP_GBE_MDI2\" A="DP_GBE_MDI2"><m K="10" N="@p3509_a01_lib.p3509_a01(sch_1):gbe_mdi2_n"/><m K="10" N="@p3509_a01_lib.p3509_a01(sch_1):gbe_mdi2_p"/></o><o N="@p3509_a01_lib.p3509_a01(sch_1):\DP_GBE_MDI3\" A="DP_GBE_MDI3"><m K="10" N="@p3509_a01_lib.p3509_a01(sch_1):gbe_mdi3_n"/><m K="10" N="@p3509_a01_lib.p3509_a01(sch_1):gbe_mdi3_p"/></o><o N="@p3509_a01_lib.p3509_a01(sch_1):\CSI3_D1\" A="CSI3_D1"><m K="10" N="@p3509_a01_lib.p3509_a01(sch_1):csi3_d1_n"/><m K="10" N="@p3509_a01_lib.p3509_a01(sch_1):csi3_d1_p"/></o><o N="@p3509_a01_lib.p3509_a01(sch_1):\CSI3_D0\" A="CSI3_D0"><m K="10" N="@p3509_a01_lib.p3509_a01(sch_1):csi3_d0_n"/><m K="10" N="@p3509_a01_lib.p3509_a01(sch_1):csi3_d0_p"/></o><o N="@p3509_a01_lib.p3509_a01(sch_1):\CSI3_CLK\" A="CSI3_CLK"><m K="10" N="@p3509_a01_lib.p3509_a01(sch_1):csi3_clk_n"/><m K="10" N="@p3509_a01_lib.p3509_a01(sch_1):csi3_clk_p"/></o><o N="@p3509_a01_lib.p3509_a01(sch_1):\CSI2_D1\" A="CSI2_D1"><m K="10" N="@p3509_a01_lib.p3509_a01(sch_1):csi2_d1_n"/><m K="10" N="@p3509_a01_lib.p3509_a01(sch_1):csi2_d1_p"/></o><o N="@p3509_a01_lib.p3509_a01(sch_1):\CSI2_D0\" A="CSI2_D0"><m K="10" N="@p3509_a01_lib.p3509_a01(sch_1):csi2_d0_n"/><m K="10" N="@p3509_a01_lib.p3509_a01(sch_1):csi2_d0_p"/></o><o N="@p3509_a01_lib.p3509_a01(sch_1):\CSI2_CLK\" A="CSI2_CLK"><m K="10" N="@p3509_a01_lib.p3509_a01(sch_1):csi2_clk_n"/><m K="10" N="@p3509_a01_lib.p3509_a01(sch_1):csi2_clk_p"/></o><o N="@p3509_a01_lib.p3509_a01(sch_1):\CSI4_D3\" A="CSI4_D3"><m K="10" N="@p3509_a01_lib.p3509_a01(sch_1):csi4_d3_p"/><m K="10" N="@p3509_a01_lib.p3509_a01(sch_1):csi4_d3_n"/></o><o N="@p3509_a01_lib.p3509_a01(sch_1):\CSI4_D2\" A="CSI4_D2"><m K="10" N="@p3509_a01_lib.p3509_a01(sch_1):csi4_d2_n"/><m K="10" N="@p3509_a01_lib.p3509_a01(sch_1):csi4_d2_p"/></o><o N="@p3509_a01_lib.p3509_a01(sch_1):\CSI4_D1\" A="CSI4_D1"><m K="10" N="@p3509_a01_lib.p3509_a01(sch_1):csi4_d1_p"/><m K="10" N="@p3509_a01_lib.p3509_a01(sch_1):csi4_d1_n"/></o><o N="@p3509_a01_lib.p3509_a01(sch_1):\CSI4_D0\" A="CSI4_D0"><m K="10" N="@p3509_a01_lib.p3509_a01(sch_1):csi4_d0_n"/><m K="10" N="@p3509_a01_lib.p3509_a01(sch_1):csi4_d0_p"/></o><o N="@p3509_a01_lib.p3509_a01(sch_1):\CSI4_CLK\" A="CSI4_CLK"><m K="10" N="@p3509_a01_lib.p3509_a01(sch_1):csi4_clk_n"/><m K="10" N="@p3509_a01_lib.p3509_a01(sch_1):csi4_clk_p"/></o><o N="@p3509_a01_lib.p3509_a01(sch_1):\CSI1_D1\" A="CSI1_D1"><m K="10" N="@p3509_a01_lib.p3509_a01(sch_1):csi1_d1_p"/><m K="10" N="@p3509_a01_lib.p3509_a01(sch_1):csi1_d1_n"/></o><o N="@p3509_a01_lib.p3509_a01(sch_1):\CSI1_D0\" A="CSI1_D0"><m K="10" N="@p3509_a01_lib.p3509_a01(sch_1):csi1_d0_p"/><m K="10" N="@p3509_a01_lib.p3509_a01(sch_1):csi1_d0_n"/></o><o N="@p3509_a01_lib.p3509_a01(sch_1):\CSI1_CLK\" A="CSI1_CLK"><m K="10" N="@p3509_a01_lib.p3509_a01(sch_1):csi1_clk_p"/><m K="10" N="@p3509_a01_lib.p3509_a01(sch_1):csi1_clk_n"/></o><o N="@p3509_a01_lib.p3509_a01(sch_1):\CSI0_D1\" A="CSI0_D1"><m K="10" N="@p3509_a01_lib.p3509_a01(sch_1):csi0_d1_p"/><m K="10" N="@p3509_a01_lib.p3509_a01(sch_1):csi0_d1_n"/></o><o N="@p3509_a01_lib.p3509_a01(sch_1):\CSI0_D0\" A="CSI0_D0"><m K="10" N="@p3509_a01_lib.p3509_a01(sch_1):csi0_d0_n"/><m K="10" N="@p3509_a01_lib.p3509_a01(sch_1):csi0_d0_p"/></o><o N="@p3509_a01_lib.p3509_a01(sch_1):\CSI0_CLK\" A="CSI0_CLK"><m K="10" N="@p3509_a01_lib.p3509_a01(sch_1):csi0_clk_p"/><m K="10" N="@p3509_a01_lib.p3509_a01(sch_1):csi0_clk_n"/></o><o N="@p3509_a01_lib.p3509_a01(sch_1):\DSP1_D\" A="DSP1_D"><m K="9" N="@p3509_a01_lib.p3509_a01(sch_1):usb1_a_n"/><m K="9" N="@p3509_a01_lib.p3509_a01(sch_1):usb1_a_p"/></o><o N="@p3509_a01_lib.p3509_a01(sch_1):\DSP1_SSRX\" A="DSP1_SSRX"><m K="9" N="@p3509_a01_lib.p3509_a01(sch_1):dsp1_ssrx_n"/><m K="9" N="@p3509_a01_lib.p3509_a01(sch_1):dsp1_ssrx_p"/></o><o N="@p3509_a01_lib.p3509_a01(sch_1):\DSP1_SSTX\" A="DSP1_SSTX"><m K="9" N="@p3509_a01_lib.p3509_a01(sch_1):usbss_tx_a_1_n"/><m K="9" N="@p3509_a01_lib.p3509_a01(sch_1):usbss_tx_a_1_p"/></o><o N="@p3509_a01_lib.p3509_a01(sch_1):\DSP2_D\" A="DSP2_D"><m K="9" N="@p3509_a01_lib.p3509_a01(sch_1):usb2_a_n"/><m K="9" N="@p3509_a01_lib.p3509_a01(sch_1):usb2_a_p"/></o><o N="@p3509_a01_lib.p3509_a01(sch_1):\DSP2_SSRX\" A="DSP2_SSRX"><m K="9" N="@p3509_a01_lib.p3509_a01(sch_1):dsp2_ssrx_n"/><m K="9" N="@p3509_a01_lib.p3509_a01(sch_1):dsp2_ssrx_p"/></o><o N="@p3509_a01_lib.p3509_a01(sch_1):\DSP2_SSTX\" A="DSP2_SSTX"><m K="9" N="@p3509_a01_lib.p3509_a01(sch_1):usbss_tx_a_2_n"/><m K="9" N="@p3509_a01_lib.p3509_a01(sch_1):usbss_tx_a_2_p"/></o><o N="@p3509_a01_lib.p3509_a01(sch_1):\DSP3_D\" A="DSP3_D"><m K="9" N="@p3509_a01_lib.p3509_a01(sch_1):usb1_b_n"/><m K="9" N="@p3509_a01_lib.p3509_a01(sch_1):usb1_b_p"/></o><o N="@p3509_a01_lib.p3509_a01(sch_1):\DSP3_SSRX\" A="DSP3_SSRX"><m K="9" N="@p3509_a01_lib.p3509_a01(sch_1):dsp3_ssrx_n"/><m K="9" N="@p3509_a01_lib.p3509_a01(sch_1):dsp3_ssrx_p"/></o><o N="@p3509_a01_lib.p3509_a01(sch_1):\DSP3_SSTX\" A="DSP3_SSTX"><m K="9" N="@p3509_a01_lib.p3509_a01(sch_1):usbss_tx_b_1_n"/><m K="9" N="@p3509_a01_lib.p3509_a01(sch_1):usbss_tx_b_1_p"/></o><o N="@p3509_a01_lib.p3509_a01(sch_1):\DSP4_D\" A="DSP4_D"><m K="9" N="@p3509_a01_lib.p3509_a01(sch_1):usb2_b_n"/><m K="9" N="@p3509_a01_lib.p3509_a01(sch_1):usb2_b_p"/></o><o N="@p3509_a01_lib.p3509_a01(sch_1):\DSP4_SSRX\" A="DSP4_SSRX"><m K="9" N="@p3509_a01_lib.p3509_a01(sch_1):dsp4_ssrx_n"/><m K="9" N="@p3509_a01_lib.p3509_a01(sch_1):dsp4_ssrx_p"/></o><o N="@p3509_a01_lib.p3509_a01(sch_1):\DSP4_SSTX\" A="DSP4_SSTX"><m K="9" N="@p3509_a01_lib.p3509_a01(sch_1):usbss_tx_b_2_n"/><m K="9" N="@p3509_a01_lib.p3509_a01(sch_1):usbss_tx_b_2_p"/></o><o N="@p3509_a01_lib.p3509_a01(sch_1):\DP0_AUXR\" A="DP0_AUXR"><m K="9" N="@p3509_a01_lib.p3509_a01(sch_1):dp0_aux_r_p"/><m K="9" N="@p3509_a01_lib.p3509_a01(sch_1):dp0_aux_r_n"/></o><o N="@p3509_a01_lib.p3509_a01(sch_1):\DP0_AUX\" A="DP0_AUX"><m K="10" N="@p3509_a01_lib.p3509_a01(sch_1):dp0_aux_p"/><m K="10" N="@p3509_a01_lib.p3509_a01(sch_1):dp0_aux_n"/></o></root>