<?xml version="1.0" encoding="UTF-8" standalone="no"?><root><o N="@p3509_a01_lib.p3509_a01(sch_1):hdmi_txd0_con_p" A="HDMI_TXD0_CON_P"><m K="10" N="@p3509_a01_lib.p3509_a01(sch_1):hdmi_tx0_p"/><m K="10" N="@p3509_a01_lib.p3509_a01(sch_1):hdmi_txd0_con_p"/><m K="10" N="@p3509_a01_lib.p3509_a01(sch_1):hdmi_txd0_con_r_p"/><m K="10" N="@p3509_a01_lib.p3509_a01(sch_1):hdmi_txd0_con_lc_p"/></o><o N="@p3509_a01_lib.p3509_a01(sch_1):hdmi_txd0_con_n" A="HDMI_TXD0_CON_N"><m K="10" N="@p3509_a01_lib.p3509_a01(sch_1):hdmi_tx0_n"/><m K="10" N="@p3509_a01_lib.p3509_a01(sch_1):hdmi_txd0_con_n"/><m K="10" N="@p3509_a01_lib.p3509_a01(sch_1):hdmi_txd0_con_r_n"/><m K="10" N="@p3509_a01_lib.p3509_a01(sch_1):hdmi_txd0_con_lc_n"/></o><o N="@p3509_a01_lib.p3509_a01(sch_1):hdmi_txd1_con_p" A="HDMI_TXD1_CON_P"><m K="10" N="@p3509_a01_lib.p3509_a01(sch_1):hdmi_tx1_p"/><m K="10" N="@p3509_a01_lib.p3509_a01(sch_1):hdmi_txd1_con_p"/><m K="10" N="@p3509_a01_lib.p3509_a01(sch_1):hdmi_txd1_con_r_p"/><m K="10" N="@p3509_a01_lib.p3509_a01(sch_1):hdmi_txd1_con_lc_p"/></o><o N="@p3509_a01_lib.p3509_a01(sch_1):hdmi_txd2_con_p" A="HDMI_TXD2_CON_P"><m K="10" N="@p3509_a01_lib.p3509_a01(sch_1):hdmi_tx2_p"/><m K="10" N="@p3509_a01_lib.p3509_a01(sch_1):hdmi_txd2_con_p"/><m K="10" N="@p3509_a01_lib.p3509_a01(sch_1):hdmi_txd2_con_r_p"/><m K="10" N="@p3509_a01_lib.p3509_a01(sch_1):hdmi_txd2_con_lc_p"/></o><o N="@p3509_a01_lib.p3509_a01(sch_1):hdmi_cec_con" A="HDMI_CEC_CON"><m K="10" N="@p3509_a01_lib.p3509_a01(sch_1):hdmi_cec_con"/><m K="10" N="@p3509_a01_lib.p3509_a01(sch_1):hdmi_cec_q"/></o><o N="@p3509_a01_lib.p3509_a01(sch_1):hdmi_txd1_con_n" A="HDMI_TXD1_CON_N"><m K="10" N="@p3509_a01_lib.p3509_a01(sch_1):hdmi_tx1_n"/><m K="10" N="@p3509_a01_lib.p3509_a01(sch_1):hdmi_txd1_con_n"/><m K="10" N="@p3509_a01_lib.p3509_a01(sch_1):hdmi_txd1_con_r_n"/><m K="10" N="@p3509_a01_lib.p3509_a01(sch_1):hdmi_txd1_con_lc_n"/></o><o N="@p3509_a01_lib.p3509_a01(sch_1):hdmi_txd2_con_n" A="HDMI_TXD2_CON_N"><m K="10" N="@p3509_a01_lib.p3509_a01(sch_1):hdmi_tx2_n"/><m K="10" N="@p3509_a01_lib.p3509_a01(sch_1):hdmi_txd2_con_n"/><m K="10" N="@p3509_a01_lib.p3509_a01(sch_1):hdmi_txd2_con_r_n"/><m K="10" N="@p3509_a01_lib.p3509_a01(sch_1):hdmi_txd2_con_lc_n"/></o><o N="@p3509_a01_lib.p3509_a01(sch_1):hdmi_ddc_scl_5v0" A="HDMI_DDC_SCL_5V0"><m K="10" N="@p3509_a01_lib.p3509_a01(sch_1):vdd_5v0_hdmi_con"/><m K="10" N="@p3509_a01_lib.p3509_a01(sch_1):hdmi_ddc_scl_5v0"/><m K="10" N="@p3509_a01_lib.p3509_a01(sch_1):hdmi_ddc_sda_5v0"/></o><o N="@p3509_a01_lib.p3509_a01(sch_1):dp0_aux_r_p" A="DP0_AUX_R_P"><m K="10" N="@p3509_a01_lib.p3509_a01(sch_1):dp_con_auxp"/><m K="10" N="@p3509_a01_lib.p3509_a01(sch_1):dp0_aux_r_p"/></o><o N="@p3509_a01_lib.p3509_a01(sch_1):dp_con_lane3_p" A="DP_CON_LANE3_P"><m K="10" N="@p3509_a01_lib.p3509_a01(sch_1):dp_con_lane3_p"/><m K="10" N="@p3509_a01_lib.p3509_a01(sch_1):dp0_txd3_p"/><m K="10" N="@p3509_a01_lib.p3509_a01(sch_1):dp_con_lane3_r_p"/></o><o N="@p3509_a01_lib.p3509_a01(sch_1):dp_con_lane3_n" A="DP_CON_LANE3_N"><m K="10" N="@p3509_a01_lib.p3509_a01(sch_1):dp0_txd3_n"/><m K="10" N="@p3509_a01_lib.p3509_a01(sch_1):dp_con_lane3_n"/><m K="10" N="@p3509_a01_lib.p3509_a01(sch_1):dp_con_lane3_r_n"/></o><o N="@p3509_a01_lib.p3509_a01(sch_1):dp_con_lane2_n" A="DP_CON_LANE2_N"><m K="10" N="@p3509_a01_lib.p3509_a01(sch_1):dp_con_lane2_n"/><m K="10" N="@p3509_a01_lib.p3509_a01(sch_1):dp0_txd2_n"/><m K="10" N="@p3509_a01_lib.p3509_a01(sch_1):dp_con_lane2_r_n"/></o><o N="@p3509_a01_lib.p3509_a01(sch_1):dp_con_lane2_p" A="DP_CON_LANE2_P"><m K="10" N="@p3509_a01_lib.p3509_a01(sch_1):dp0_txd2_p"/><m K="10" N="@p3509_a01_lib.p3509_a01(sch_1):dp_con_lane2_p"/><m K="10" N="@p3509_a01_lib.p3509_a01(sch_1):dp_con_lane2_r_p"/></o><o N="@p3509_a01_lib.p3509_a01(sch_1):dp_con_lane1_p" A="DP_CON_LANE1_P"><m K="10" N="@p3509_a01_lib.p3509_a01(sch_1):dp_con_lane1_p"/><m K="10" N="@p3509_a01_lib.p3509_a01(sch_1):dp0_txd1_p"/><m K="10" N="@p3509_a01_lib.p3509_a01(sch_1):dp_con_lane1_r_p"/></o><o N="@p3509_a01_lib.p3509_a01(sch_1):dp_con_lane1_n" A="DP_CON_LANE1_N"><m K="10" N="@p3509_a01_lib.p3509_a01(sch_1):dp0_txd1_n"/><m K="10" N="@p3509_a01_lib.p3509_a01(sch_1):dp_con_lane1_n"/><m K="10" N="@p3509_a01_lib.p3509_a01(sch_1):dp_con_lane1_r_n"/></o><o N="@p3509_a01_lib.p3509_a01(sch_1):dp_con_lane0_n" A="DP_CON_LANE0_N"><m K="10" N="@p3509_a01_lib.p3509_a01(sch_1):dp0_txd0_n"/><m K="10" N="@p3509_a01_lib.p3509_a01(sch_1):dp_con_lane0_n"/><m K="10" N="@p3509_a01_lib.p3509_a01(sch_1):dp_con_lane0_r_n"/></o><o N="@p3509_a01_lib.p3509_a01(sch_1):dp_con_lane0_p" A="DP_CON_LANE0_P"><m K="10" N="@p3509_a01_lib.p3509_a01(sch_1):dp_con_lane0_p"/><m K="10" N="@p3509_a01_lib.p3509_a01(sch_1):dp0_txd0_p"/><m K="10" N="@p3509_a01_lib.p3509_a01(sch_1):dp_con_lane0_r_p"/></o><o N="@p3509_a01_lib.p3509_a01(sch_1):usbss_rx_hub_n" A="USBSS_RX_HUB_N"><m K="10" N="@p3509_a01_lib.p3509_a01(sch_1):usbss_tx_n"/><m K="10" N="@p3509_a01_lib.p3509_a01(sch_1):usbss_rx_hub_n"/></o><o N="@p3509_a01_lib.p3509_a01(sch_1):buck_5v_bst" A="BUCK_5V_BST"><m K="10" N="@p3509_a01_lib.p3509_a01(sch_1):buck_5v_bst"/><m K="10" N="@p3509_a01_lib.p3509_a01(sch_1):buck_5v_bst_r"/><m K="10" N="@p3509_a01_lib.p3509_a01(sch_1):buck_5v_sw"/><m K="10" N="@p3509_a01_lib.p3509_a01(sch_1):buck_5v_snub"/></o><o N="@p3509_a01_lib.p3509_a01(sch_1):pcie1_m2_tx0_n" A="PCIE1_M2_TX0_N"><m K="10" N="@p3509_a01_lib.p3509_a01(sch_1):pcie1_tx0_n"/><m K="10" N="@p3509_a01_lib.p3509_a01(sch_1):pcie1_m2_tx0_n"/></o><o N="@p3509_a01_lib.p3509_a01(sch_1):pcie1_m2_tx0_p" A="PCIE1_M2_TX0_P"><m K="10" N="@p3509_a01_lib.p3509_a01(sch_1):pcie1_tx0_p"/><m K="10" N="@p3509_a01_lib.p3509_a01(sch_1):pcie1_m2_tx0_p"/></o><o N="@p3509_a01_lib.p3509_a01(sch_1):usbss_rx_n" A="USBSS_RX_N"><m K="10" N="@p3509_a01_lib.p3509_a01(sch_1):usbss_rx_n"/><m K="10" N="@p3509_a01_lib.p3509_a01(sch_1):usbss_tx_hub_n"/></o><o N="@p3509_a01_lib.p3509_a01(sch_1):usbss_rx_p" A="USBSS_RX_P"><m K="10" N="@p3509_a01_lib.p3509_a01(sch_1):usbss_rx_p"/><m K="10" N="@p3509_a01_lib.p3509_a01(sch_1):usbss_tx_hub_p"/></o><o N="@p3509_a01_lib.p3509_a01(sch_1):pcie0_tx0_m2_n" A="PCIE0_TX0_M2_N"><m K="10" N="@p3509_a01_lib.p3509_a01(sch_1):pcie0_tx0_n"/><m K="10" N="@p3509_a01_lib.p3509_a01(sch_1):pcie0_tx0_m2_n"/></o><o N="@p3509_a01_lib.p3509_a01(sch_1):pcie0_tx0_m2_p" A="PCIE0_TX0_M2_P"><m K="10" N="@p3509_a01_lib.p3509_a01(sch_1):pcie0_tx0_p"/><m K="10" N="@p3509_a01_lib.p3509_a01(sch_1):pcie0_tx0_m2_p"/></o><o N="@p3509_a01_lib.p3509_a01(sch_1):pcie0_tx1_m2_n" A="PCIE0_TX1_M2_N"><m K="10" N="@p3509_a01_lib.p3509_a01(sch_1):pcie0_tx1_n"/><m K="10" N="@p3509_a01_lib.p3509_a01(sch_1):pcie0_tx1_m2_n"/></o><o N="@p3509_a01_lib.p3509_a01(sch_1):pcie0_tx1_m2_p" A="PCIE0_TX1_M2_P"><m K="10" N="@p3509_a01_lib.p3509_a01(sch_1):pcie0_tx1_p"/><m K="10" N="@p3509_a01_lib.p3509_a01(sch_1):pcie0_tx1_m2_p"/></o><o N="@p3509_a01_lib.p3509_a01(sch_1):pcie0_tx2_m2_n" A="PCIE0_TX2_M2_N"><m K="10" N="@p3509_a01_lib.p3509_a01(sch_1):pcie0_tx2_n"/><m K="10" N="@p3509_a01_lib.p3509_a01(sch_1):pcie0_tx2_m2_n"/></o><o N="@p3509_a01_lib.p3509_a01(sch_1):pcie0_tx2_m2_p" A="PCIE0_TX2_M2_P"><m K="10" N="@p3509_a01_lib.p3509_a01(sch_1):pcie0_tx2_p"/><m K="10" N="@p3509_a01_lib.p3509_a01(sch_1):pcie0_tx2_m2_p"/></o><o N="@p3509_a01_lib.p3509_a01(sch_1):pcie0_tx3_m2_n" A="PCIE0_TX3_M2_N"><m K="10" N="@p3509_a01_lib.p3509_a01(sch_1):pcie0_tx3_n"/><m K="10" N="@p3509_a01_lib.p3509_a01(sch_1):pcie0_tx3_m2_n"/></o><o N="@p3509_a01_lib.p3509_a01(sch_1):pcie0_tx3_m2_p" A="PCIE0_TX3_M2_P"><m K="10" N="@p3509_a01_lib.p3509_a01(sch_1):pcie0_tx3_p"/><m K="10" N="@p3509_a01_lib.p3509_a01(sch_1):pcie0_tx3_m2_p"/></o><o N="@p3509_a01_lib.p3509_a01(sch_1):yellow_led" A="YELLOW_LED"><m K="10" N="@p3509_a01_lib.p3509_a01(sch_1):gbe_led_act"/><m K="10" N="@p3509_a01_lib.p3509_a01(sch_1):yellow_led"/></o><o N="@p3509_a01_lib.p3509_a01(sch_1):green_led" A="GREEN_LED"><m K="10" N="@p3509_a01_lib.p3509_a01(sch_1):gbe_led_link"/><m K="10" N="@p3509_a01_lib.p3509_a01(sch_1):green_led"/></o><o N="@p3509_a01_lib.p3509_a01(sch_1):hdmi_hpd_con_r" A="HDMI_HPD_CON_R"><m K="10" N="@p3509_a01_lib.p3509_a01(sch_1):hdmi_hpd_con"/><m K="10" N="@p3509_a01_lib.p3509_a01(sch_1):hdmi_hpd_con_r"/></o><o N="@p3509_a01_lib.p3509_a01(sch_1):\pc_led-\" A="PC_LED-"><m K="10" N="@p3509_a01_lib.p3509_a01(sch_1):\pc_led-\"/><m K="10" N="@p3509_a01_lib.p3509_a01(sch_1):pc_led_r"/></o><o N="@p3509_a01_lib.p3509_a01(sch_1):hdmi_txc_con_p" A="HDMI_TXC_CON_P"><m K="10" N="@p3509_a01_lib.p3509_a01(sch_1):hdmi_txc_p"/><m K="10" N="@p3509_a01_lib.p3509_a01(sch_1):hdmi_txc_con_p"/><m K="10" N="@p3509_a01_lib.p3509_a01(sch_1):hdmi_txc_con_r_p"/><m K="10" N="@p3509_a01_lib.p3509_a01(sch_1):hdmi_txc_con_lc_p"/></o><o N="@p3509_a01_lib.p3509_a01(sch_1):usbss_rx_hub_p" A="USBSS_RX_HUB_P"><m K="10" N="@p3509_a01_lib.p3509_a01(sch_1):usbss_tx_p"/><m K="10" N="@p3509_a01_lib.p3509_a01(sch_1):usbss_rx_hub_p"/></o><o N="@p3509_a01_lib.p3509_a01(sch_1):usb1_a_p" A="USB1_A_P"><m K="10" N="@p3509_a01_lib.p3509_a01(sch_1):dsp1_dp"/><m K="10" N="@p3509_a01_lib.p3509_a01(sch_1):usb1_a_p"/></o><o N="@p3509_a01_lib.p3509_a01(sch_1):usb2_a_n" A="USB2_A_N"><m K="10" N="@p3509_a01_lib.p3509_a01(sch_1):dsp2_dn"/><m K="10" N="@p3509_a01_lib.p3509_a01(sch_1):usb2_a_n"/></o><o N="@p3509_a01_lib.p3509_a01(sch_1):usbss_tx_a_1_p" A="USBSS_TX_A_1_P"><m K="10" N="@p3509_a01_lib.p3509_a01(sch_1):dsp1_sstx_p"/><m K="10" N="@p3509_a01_lib.p3509_a01(sch_1):usbss_tx_a_1_p"/><m K="10" N="@p3509_a01_lib.p3509_a01(sch_1):usbss_tx_a_con1_p"/></o><o N="@p3509_a01_lib.p3509_a01(sch_1):dsp2_ssrx_n" A="DSP2_SSRX_N"><m K="10" N="@p3509_a01_lib.p3509_a01(sch_1):dsp2_ssrx_n"/><m K="10" N="@p3509_a01_lib.p3509_a01(sch_1):usbss_rx_a_con2_n"/></o><o N="@p3509_a01_lib.p3509_a01(sch_1):usb2_a_p" A="USB2_A_P"><m K="10" N="@p3509_a01_lib.p3509_a01(sch_1):dsp2_dp"/><m K="10" N="@p3509_a01_lib.p3509_a01(sch_1):usb2_a_p"/></o><o N="@p3509_a01_lib.p3509_a01(sch_1):usb1_b_n" A="USB1_B_N"><m K="10" N="@p3509_a01_lib.p3509_a01(sch_1):dsp3_dn"/><m K="10" N="@p3509_a01_lib.p3509_a01(sch_1):usb1_b_n"/></o><o N="@p3509_a01_lib.p3509_a01(sch_1):usbss_tx_a_2_p" A="USBSS_TX_A_2_P"><m K="10" N="@p3509_a01_lib.p3509_a01(sch_1):dsp2_sstx_p"/><m K="10" N="@p3509_a01_lib.p3509_a01(sch_1):usbss_tx_a_2_p"/><m K="10" N="@p3509_a01_lib.p3509_a01(sch_1):usbss_tx_a_con2_p"/></o><o N="@p3509_a01_lib.p3509_a01(sch_1):dsp3_ssrx_n" A="DSP3_SSRX_N"><m K="10" N="@p3509_a01_lib.p3509_a01(sch_1):dsp3_ssrx_n"/><m K="10" N="@p3509_a01_lib.p3509_a01(sch_1):usbss_rx_b_con1_n"/></o><o N="@p3509_a01_lib.p3509_a01(sch_1):usb1_b_p" A="USB1_B_P"><m K="10" N="@p3509_a01_lib.p3509_a01(sch_1):dsp3_dp"/><m K="10" N="@p3509_a01_lib.p3509_a01(sch_1):usb1_b_p"/></o><o N="@p3509_a01_lib.p3509_a01(sch_1):usb2_b_n" A="USB2_B_N"><m K="10" N="@p3509_a01_lib.p3509_a01(sch_1):dsp4_dn"/><m K="10" N="@p3509_a01_lib.p3509_a01(sch_1):usb2_b_n"/></o><o N="@p3509_a01_lib.p3509_a01(sch_1):usbss_tx_b_1_p" A="USBSS_TX_B_1_P"><m K="10" N="@p3509_a01_lib.p3509_a01(sch_1):dsp3_sstx_p"/><m K="10" N="@p3509_a01_lib.p3509_a01(sch_1):usbss_tx_b_1_p"/><m K="10" N="@p3509_a01_lib.p3509_a01(sch_1):usbss_tx_b_con1_p"/></o><o N="@p3509_a01_lib.p3509_a01(sch_1):dsp4_ssrx_n" A="DSP4_SSRX_N"><m K="10" N="@p3509_a01_lib.p3509_a01(sch_1):dsp4_ssrx_n"/><m K="10" N="@p3509_a01_lib.p3509_a01(sch_1):usbss_rx_b_con2_n"/></o><o N="@p3509_a01_lib.p3509_a01(sch_1):usb2_b_p" A="USB2_B_P"><m K="10" N="@p3509_a01_lib.p3509_a01(sch_1):dsp4_dp"/><m K="10" N="@p3509_a01_lib.p3509_a01(sch_1):usb2_b_p"/></o><o N="@p3509_a01_lib.p3509_a01(sch_1):usbss_tx_b_2_p" A="USBSS_TX_B_2_P"><m K="10" N="@p3509_a01_lib.p3509_a01(sch_1):dsp4_sstx_p"/><m K="10" N="@p3509_a01_lib.p3509_a01(sch_1):usbss_tx_b_2_p"/><m K="10" N="@p3509_a01_lib.p3509_a01(sch_1):usbss_tx_b_con2_p"/></o><o N="@p3509_a01_lib.p3509_a01(sch_1):hdmi_txc_con_n" A="HDMI_TXC_CON_N"><m K="10" N="@p3509_a01_lib.p3509_a01(sch_1):hdmi_txc_n"/><m K="10" N="@p3509_a01_lib.p3509_a01(sch_1):hdmi_txc_con_n"/><m K="10" N="@p3509_a01_lib.p3509_a01(sch_1):hdmi_txc_con_r_n"/><m K="10" N="@p3509_a01_lib.p3509_a01(sch_1):hdmi_txc_con_lc_n"/></o><o N="@p3509_a01_lib.p3509_a01(sch_1):i2c2_m2e_scl" A="I2C2_M2E_SCL"><m K="10" N="@p3509_a01_lib.p3509_a01(sch_1):i2c2_scl"/><m K="10" N="@p3509_a01_lib.p3509_a01(sch_1):i2c2_m2e_scl"/><m K="10" N="@p3509_a01_lib.p3509_a01(sch_1):i2c2_m2m_scl"/></o><o N="@p3509_a01_lib.p3509_a01(sch_1):i2c2_m2e_sda" A="I2C2_M2E_SDA"><m K="10" N="@p3509_a01_lib.p3509_a01(sch_1):i2c2_sda"/><m K="10" N="@p3509_a01_lib.p3509_a01(sch_1):i2c2_m2e_sda"/><m K="10" N="@p3509_a01_lib.p3509_a01(sch_1):i2c2_m2m_sda"/></o><o N="@p3509_a01_lib.p3509_a01(sch_1):dp_sw_en" A="DP_SW_EN"><m K="10" N="@p3509_a01_lib.p3509_a01(sch_1):dp_sw_en"/><m K="10" N="@p3509_a01_lib.p3509_a01(sch_1):buck_3v3_pg"/><m K="10" N="@p3509_a01_lib.p3509_a01(sch_1):bmcu_pgood"/></o><o N="@p3509_a01_lib.p3509_a01(sch_1):buck_5v_fb" A="BUCK_5V_FB"><m K="10" N="@p3509_a01_lib.p3509_a01(sch_1):buck_5v_fb"/><m K="10" N="@p3509_a01_lib.p3509_a01(sch_1):buck_5v_fb_mid"/><m K="10" N="@p3509_a01_lib.p3509_a01(sch_1):buck_5v_fb_mid_r"/></o><o N="@p3509_a01_lib.p3509_a01(sch_1):buck_3v3_bst" A="BUCK_3V3_BST"><m K="10" N="@p3509_a01_lib.p3509_a01(sch_1):buck_3v3_bst"/><m K="10" N="@p3509_a01_lib.p3509_a01(sch_1):buck_3v3_bst_r"/><m K="10" N="@p3509_a01_lib.p3509_a01(sch_1):buck_3v3_sw"/><m K="10" N="@p3509_a01_lib.p3509_a01(sch_1):buck_3v3_snub"/></o><o N="@p3509_a01_lib.p3509_a01(sch_1):buck_3v3_fb" A="BUCK_3V3_FB"><m K="10" N="@p3509_a01_lib.p3509_a01(sch_1):buck_3v3_fb"/><m K="10" N="@p3509_a01_lib.p3509_a01(sch_1):buck_3v3_fb_mid"/><m K="10" N="@p3509_a01_lib.p3509_a01(sch_1):buck_3v3_fb_mid_r"/></o><o N="@p3509_a01_lib.p3509_a01(sch_1):dp_hpd_con_r" A="DP_HPD_CON_R"><m K="10" N="@p3509_a01_lib.p3509_a01(sch_1):dp_hpd_con"/><m K="10" N="@p3509_a01_lib.p3509_a01(sch_1):dp_hpd_con_r"/></o><o N="@p3509_a01_lib.p3509_a01(sch_1):usb1_a_n" A="USB1_A_N"><m K="10" N="@p3509_a01_lib.p3509_a01(sch_1):dsp1_dn"/><m K="10" N="@p3509_a01_lib.p3509_a01(sch_1):usb1_a_n"/></o><o N="@p3509_a01_lib.p3509_a01(sch_1):buck_1v1_fb" A="BUCK_1V1_FB"><m K="10" N="@p3509_a01_lib.p3509_a01(sch_1):vdd_av10_hub"/><m K="10" N="@p3509_a01_lib.p3509_a01(sch_1):buck_1v1_fb_mid"/><m K="10" N="@p3509_a01_lib.p3509_a01(sch_1):buck_1v1_fb"/><m K="10" N="@p3509_a01_lib.p3509_a01(sch_1):buck_1v1_sw"/></o><o N="@p3509_a01_lib.p3509_a01(sch_1):m2_sdio_clk" A="M2_SDIO_CLK"><m K="10" N="@p3509_a01_lib.p3509_a01(sch_1):sdio_clk"/><m K="10" N="@p3509_a01_lib.p3509_a01(sch_1):m2_sdio_clk"/></o><o N="@p3509_a01_lib.p3509_a01(sch_1):m2_sdio_cmd" A="M2_SDIO_CMD"><m K="10" N="@p3509_a01_lib.p3509_a01(sch_1):sdio_cmd"/><m K="10" N="@p3509_a01_lib.p3509_a01(sch_1):m2_sdio_cmd"/></o><o N="@p3509_a01_lib.p3509_a01(sch_1):m2_sdio_d0" A="M2_SDIO_D0"><m K="10" N="@p3509_a01_lib.p3509_a01(sch_1):sdio_d0"/><m K="10" N="@p3509_a01_lib.p3509_a01(sch_1):m2_sdio_d0"/></o><o N="@p3509_a01_lib.p3509_a01(sch_1):m2_sdio_d2" A="M2_SDIO_D2"><m K="10" N="@p3509_a01_lib.p3509_a01(sch_1):sdio_d2"/><m K="10" N="@p3509_a01_lib.p3509_a01(sch_1):m2_sdio_d2"/></o><o N="@p3509_a01_lib.p3509_a01(sch_1):m2_sdio_d3" A="M2_SDIO_D3"><m K="10" N="@p3509_a01_lib.p3509_a01(sch_1):sdio_d3"/><m K="10" N="@p3509_a01_lib.p3509_a01(sch_1):m2_sdio_d3"/></o><o N="@p3509_a01_lib.p3509_a01(sch_1):\m2m_alert*\" A="M2M_ALERT*"><m K="10" N="@p3509_a01_lib.p3509_a01(sch_1):\m2m_alert*\"/><m K="10" N="@p3509_a01_lib.p3509_a01(sch_1):sdio_d1"/><m K="10" N="@p3509_a01_lib.p3509_a01(sch_1):m2_sdio_d1"/></o><o N="@p3509_a01_lib.p3509_a01(sch_1):dp0_hpd_b" A="DP0_HPD_B"><m K="10" N="@p3509_a01_lib.p3509_a01(sch_1):dp0_hpd_b"/><m K="10" N="@p3509_a01_lib.p3509_a01(sch_1):dp0_hpd_c"/></o><o N="@p3509_a01_lib.p3509_a01(sch_1):dp0_aux_r_n" A="DP0_AUX_R_N"><m K="10" N="@p3509_a01_lib.p3509_a01(sch_1):dp_con_auxn"/><m K="10" N="@p3509_a01_lib.p3509_a01(sch_1):dp0_aux_r_n"/></o><o N="@p3509_a01_lib.p3509_a01(sch_1):dsp1_ssrx_n" A="DSP1_SSRX_N"><m K="10" N="@p3509_a01_lib.p3509_a01(sch_1):dsp1_ssrx_n"/><m K="10" N="@p3509_a01_lib.p3509_a01(sch_1):usbss_rx_a_con1_n"/></o><o N="@p3509_a01_lib.p3509_a01(sch_1):dsp1_ssrx_p" A="DSP1_SSRX_P"><m K="10" N="@p3509_a01_lib.p3509_a01(sch_1):dsp1_ssrx_p"/><m K="10" N="@p3509_a01_lib.p3509_a01(sch_1):usbss_rx_a_con1_p"/></o><o N="@p3509_a01_lib.p3509_a01(sch_1):usbss_tx_a_1_n" A="USBSS_TX_A_1_N"><m K="10" N="@p3509_a01_lib.p3509_a01(sch_1):dsp1_sstx_n"/><m K="10" N="@p3509_a01_lib.p3509_a01(sch_1):usbss_tx_a_1_n"/><m K="10" N="@p3509_a01_lib.p3509_a01(sch_1):usbss_tx_a_con1_n"/></o><o N="@p3509_a01_lib.p3509_a01(sch_1):dsp2_ssrx_p" A="DSP2_SSRX_P"><m K="10" N="@p3509_a01_lib.p3509_a01(sch_1):dsp2_ssrx_p"/><m K="10" N="@p3509_a01_lib.p3509_a01(sch_1):usbss_rx_a_con2_p"/></o><o N="@p3509_a01_lib.p3509_a01(sch_1):usbss_tx_a_2_n" A="USBSS_TX_A_2_N"><m K="10" N="@p3509_a01_lib.p3509_a01(sch_1):dsp2_sstx_n"/><m K="10" N="@p3509_a01_lib.p3509_a01(sch_1):usbss_tx_a_2_n"/><m K="10" N="@p3509_a01_lib.p3509_a01(sch_1):usbss_tx_a_con2_n"/></o><o N="@p3509_a01_lib.p3509_a01(sch_1):dsp3_ssrx_p" A="DSP3_SSRX_P"><m K="10" N="@p3509_a01_lib.p3509_a01(sch_1):dsp3_ssrx_p"/><m K="10" N="@p3509_a01_lib.p3509_a01(sch_1):usbss_rx_b_con1_p"/></o><o N="@p3509_a01_lib.p3509_a01(sch_1):usbss_tx_b_1_n" A="USBSS_TX_B_1_N"><m K="10" N="@p3509_a01_lib.p3509_a01(sch_1):dsp3_sstx_n"/><m K="10" N="@p3509_a01_lib.p3509_a01(sch_1):usbss_tx_b_1_n"/><m K="10" N="@p3509_a01_lib.p3509_a01(sch_1):usbss_tx_b_con1_n"/></o><o N="@p3509_a01_lib.p3509_a01(sch_1):dsp4_ssrx_p" A="DSP4_SSRX_P"><m K="10" N="@p3509_a01_lib.p3509_a01(sch_1):dsp4_ssrx_p"/><m K="10" N="@p3509_a01_lib.p3509_a01(sch_1):usbss_rx_b_con2_p"/></o><o N="@p3509_a01_lib.p3509_a01(sch_1):usbss_tx_b_2_n" A="USBSS_TX_B_2_N"><m K="10" N="@p3509_a01_lib.p3509_a01(sch_1):dsp4_sstx_n"/><m K="10" N="@p3509_a01_lib.p3509_a01(sch_1):usbss_tx_b_2_n"/><m K="10" N="@p3509_a01_lib.p3509_a01(sch_1):usbss_tx_b_con2_n"/></o><o N="@p3509_a01_lib.p3509_a01(sch_1):bbat_conn" A="BBAT_CONN"><m K="10" N="@p3509_a01_lib.p3509_a01(sch_1):bbat"/><m K="10" N="@p3509_a01_lib.p3509_a01(sch_1):bbat_conn"/></o><o N="@p3509_a01_lib.p3509_a01(sch_1):\5v_pg_buf_r\" A="5V_PG_BUF_R"><m K="10" N="@p3509_a01_lib.p3509_a01(sch_1):bmcu_acok"/><m K="10" N="@p3509_a01_lib.p3509_a01(sch_1):\5v_pg_buf_r\"/></o><o N="@p3509_a01_lib.p3509_a01(sch_1):led1_ctrl" A="LED1_CTRL"><m K="10" N="@p3509_a01_lib.p3509_a01(sch_1):pwr_led_ctrl"/><m K="10" N="@p3509_a01_lib.p3509_a01(sch_1):led1_ctrl"/><m K="10" N="@p3509_a01_lib.p3509_a01(sch_1):\mod_sleep*\"/></o></root>